Site,Project,Sample_Type,Treatment.type,Sample.ID,JGI.ID,GOLD.ID,Plot,Quad,Treatment,Replicate,Horizon,Year,Date_Sampled,Sampling_Weather,Time_period,Sample_Initials,DNA_RNA,Notes,Date_weighed_for_DNA,Sequence_depth,Sequence_bin,Total_Tree_BioMass,Total_Tree_Stem_Count,Total_Tree_Basal_Area,Total_ECM_Tree_BioMass,Total_ECM_Tree_Stem_Count,Total_ECM_Tree_Basal_Area,Total_AM_Tree_BioMass,Total_AM_Tree_Stem_Count,Total_AM_Tree_Basal_Area,ACRU_BIOMASS,ACRU_STEM_COUNT,ACRU_BASAL_AREA,ACSA_BIOMASS,ACSA_STEM_COUNT,ACSA_BASAL_AREA,BEPA_BIOMASS,BEPA_STEM_COUNT,BEPA_BASAL_AREA,FRAM_BIOMASS,FRAM_STEM_COUNT,FRAM_BASAL_AREA,FAGR_BIOMASS,FAGR_STEM_COUNT,FAGR_BASAL_AREA,BEAL_BIOMASS,BEAL_STEM_COUNT,BEAL_BASAL_AREA,PIRU_BIOMASS,PIRU_STEM_COUNT,PIRU_BASAL_AREA,POGR_BIOMASS,POGR_STEM_COUNT,POGR_BASAL_AREA,Soil.Temp.10.cm,Soil.Temp.5.cm,Soil.Moisture,Min.Soil5,Ave.Soil5,Min.Soil10,Ave.Soil10,Max.frost,Max.Snow,Mean.frost,Mean.snow,Frost.AUC,Snow.AUC,FTC.5,FTC.10,DWF,Thaw,Thaw.day,BL.Max.frost,BL.Max.Snow,BL.Mean.frost,BL.Mean.Snow,BL.AUC.frost,BL.AUC.Snow,Net_Ammonification_(_g_Ammonium-N_g_soil-1_days-1),Net_Mineralization (_g_N_g_soil-1_day-1),REL,Proteolytic_Rate,longitude.dd,latitude.dd,Soil_perc_N,Soil_perc_C,Soil_pH,mbn,acid_phosphatase,nag_ase,phenol_oxidase,peroxidase,beta_glucosidase,cello_biohydrolase,Respiration,Extractable_Organic_C,Amino_Acid_N,Dissolved_Inorganic_n,Water_Content,Photosynthesis,Respiration_pat,Change_Net_Mineralization,Change_Soil_perc_N,Change_Soil_perc_C,Change_Soil_pH,Change_Respiration_pat,Change_mbn
HBEF,CCASE,Soil_Mic_Commun,pre-treatment,1,Soil_1,Ga0599130,1,NA,Reference,a,Organic,2013,130701,Overcast_humid_(~65%)_75__F,NA,R._Sanders-Demott_A.Lin-Schweitzer_P.Sorensen,DNA,Flash-frozen_in_liquid_N_day_after_sampling,15218_sample_A11,126103,100_150000,3189.257578,20,4913.011094,842.2575784,14,1371.011094,2347,6,3542,2347,6,3542,0,0,0,0,0,0,0,0,0,814,13,1309,29,1,62,0,0,0,0,0,0,NA,NA,NA,NA,NA,NA,NA,NA,NA,NA,NA,NA,NA,NA,NA,NA,NA,NA,NA,NA,NA,NA,NA,NA,NA,-109.46,NA,NA,-71.701875,43.94525,1.361,36.3,4.3,710.95,,,,,,,,,,,,,28.21,,,,,,
HBEF,CCASE,Soil_Mic_Commun,pre-treatment,2,Soil_2,Ga0599130,1,NA,Reference,b,Organic,2013,130701,Overcast_humid_(~65%)_75__F,NA,R._Sanders-Demott_A.Lin-Schweitzer_P.Sorensen,DNA,Pat_kept_at_4oC_until_all_samples_were_processed_for_the_day_=_probably_no_good_RNA,15218_sample_B6,148333,100_150000,3189.257578,20,4913.011094,842.2575784,14,1371.011094,2347,6,3542,2347,6,3542,0,0,0,0,0,0,0,0,0,814,13,1309,29,1,62,0,0,0,0,0,0,NA,NA,NA,NA,NA,NA,NA,NA,NA,NA,NA,NA,NA,NA,NA,NA,NA,NA,NA,NA,NA,NA,NA,NA,NA,-16.92,NA,NA,-71.701875,43.94525,0.522,12.253,4.45,97.83,,,,,,,,,,,,,9.2,,,,,,
HBEF,CCASE,Soil_Mic_Commun,pre-treatment,3,Soil_3,Ga0599130,1,NA,Reference,c,Organic,2013,130701,Overcast_humid_(~65%)_75__F,NA,R._Sanders-Demott_A.Lin-Schweitzer_P.Sorensen,DNA,NA,15218B7,113040,100_150000,3189.257578,20,4913.011094,842.2575784,14,1371.011094,2347,6,3542,2347,6,3542,0,0,0,0,0,0,0,0,0,814,13,1309,29,1,62,0,0,0,0,0,0,NA,NA,NA,NA,NA,NA,NA,NA,NA,NA,NA,NA,NA,NA,NA,NA,NA,NA,NA,NA,NA,NA,NA,NA,NA,164.72,NA,NA,-71.701875,43.94525,0.902,29.642,4.38,425.12,,,,,,,,,,,,,24.29,,,,,,
HBEF,CCASE,Soil_Mic_Commun,pre-treatment,4,Soil_4,Ga0599131,2,NA,Reference,a,Organic,2013,130701,Overcast_humid_(~65%)_75__F,NA,R._Sanders-Demott_A.Lin-Schweitzer_P.Sorensen,DNA,NA,15217_sample_A2,84349,80_100000,4554,65,7513,3369,56,5484,1185,9,2029,1185,9,2029,0,0,0,0,0,0,19,1,52,419,12,733,0,0,0,0,0,0,227,2,689,NA,NA,NA,NA,NA,NA,NA,NA,NA,NA,NA,NA,NA,NA,NA,NA,NA,NA,NA,NA,NA,NA,NA,NA,NA,-41.8,NA,NA,-71.70151667,43.94495167,0.839,20.008,4.63,307.91,,,,,,,,,,,,,18.29,,,,,,
HBEF,CCASE,Soil_Mic_Commun,pre-treatment,5,Soil_5,Ga0599131,2,NA,Reference,b,Organic,2013,130701,Overcast_humid_(~65%)_75__F,NA,R._Sanders-Demott_A.Lin-Schweitzer_P.Sorensen,DNA,NA,15217_sample_A6,119558,100_150000,4554,65,7513,3369,56,5484,1185,9,2029,1185,9,2029,0,0,0,0,0,0,19,1,52,419,12,733,0,0,0,0,0,0,227,2,689,NA,NA,NA,NA,NA,NA,NA,NA,NA,NA,NA,NA,NA,NA,NA,NA,NA,NA,NA,NA,NA,NA,NA,NA,NA,56,NA,NA,-71.70151667,43.94495167,0.469,11.558,4.46,88.92,,,,,,,,,,,,,19.89,,,,,,
HBEF,CCASE,Soil_Mic_Commun,pre-treatment,6,Soil_6,Ga0599131,2,NA,Reference,c,Organic,2013,130701,Overcast_humid_(~65%)_75__F,NA,R._Sanders-Demott_A.Lin-Schweitzer_P.Sorensen,DNA,NA,15218_sample_B8,94506,80_100000,4554,65,7513,3369,56,5484,1185,9,2029,1185,9,2029,0,0,0,0,0,0,19,1,52,419,12,733,0,0,0,0,0,0,227,2,689,NA,NA,NA,NA,NA,NA,NA,NA,NA,NA,NA,NA,NA,NA,NA,NA,NA,NA,NA,NA,NA,NA,NA,NA,NA,-2.84,NA,NA,-71.70151667,43.94495167,0.587,12.955,4.52,278.6,,,,,,,,,,,,,17.07,,,,,,
HBEF,CCASE,Soil_Mic_Commun,pre-treatment,26,Soil_26,Ga0599138,3,NA,Warmed,b,Min,2013,130701,Overcast_humid_(~65%)_75__F,NA,R._Sanders-Demott_A.Lin-Schweitzer_P.Sorensen,NA,NA,15217_sample_A9,59801,50_80000,2856,20,6358,576,11,3135,2280,9,3223,1688,7,2653,0,0,0,210,1,285,383,1,285,576,11,3135,0,0,0,0,0,0,0,0,0,NA,NA,NA,NA,NA,NA,NA,NA,NA,NA,NA,NA,NA,NA,NA,NA,NA,NA,NA,NA,NA,NA,NA,NA,NA,10.44,NA,NA,-71.70080333,43.94557833,0.292,6.034,4.94,2.26,,,,,,,,,,,,,0.69,,,,,,
HBEF,CCASE,Soil_Mic_Commun,pre-treatment,29,Soil_29,Ga0599139,4,NA,Warmed,b,Min,2013,130701,Overcast_humid_(~65%)_75__F,NA,R._Sanders-Demott_A.Lin-Schweitzer_P.Sorensen,NA,NA,15217_sample_A10,98659,80_100000,4509,18,7974,1643,9,2124,2866,9,5850,2672,6,3990,95,2,162,0,0,0,99,1,1697,222,8,427,1420,1,1697,0,0,0,0,0,0,NA,NA,NA,NA,NA,NA,NA,NA,NA,NA,NA,NA,NA,NA,NA,NA,NA,NA,NA,NA,NA,NA,NA,NA,NA,6.77,NA,NA,-71.70087667,43.94569833,0.321,6.934,4.91,26.77,,,,,,,,,,,,,2.17,,,,,,
HBEF,CCASE,Soil_Mic_Commun,pre-treatment,30,Soil_30,Ga0599139,4,NA,Warmed,c,Min,2013,130701,Overcast_humid_(~65%)_75__F,NA,R._Sanders-Demott_A.Lin-Schweitzer_P.Sorensen,NA,NA,NA,NA,NA,4509,18,7974,1643,9,2124,2866,9,5850,2672,6,3990,95,2,162,0,0,0,99,1,1697,222,8,427,1420,1,1697,0,0,0,0,0,0,NA,NA,NA,NA,NA,NA,NA,NA,NA,NA,NA,NA,NA,NA,NA,NA,NA,NA,NA,NA,NA,NA,NA,NA,NA,10.41,NA,NA,-71.70087667,43.94569833,0.165,2.983,5.07,5.01,,,,,,,,,,,,,0.72,,,,,,
HBEF,CCASE,Soil_Mic_Commun,pre-treatment,10,Soil_10,Ga0599133,4,NA,Warmed,a,Organic,2013,130701,Overcast_humid_(~65%)_75__F,NA,R._Sanders-Demott_A.Lin-Schweitzer_P.Sorensen,DNA,NA,15217_sample_A3,68598,50_80000,4509,18,7974,1643,9,2124,2866,9,5850,2672,6,3990,95,2,162,0,0,0,99,1,1697,222,8,427,1420,1,1697,0,0,0,0,0,0,NA,NA,NA,NA,NA,NA,NA,NA,NA,NA,NA,NA,NA,NA,NA,NA,NA,NA,NA,NA,NA,NA,NA,NA,NA,-1.21,NA,NA,-71.70087667,43.94569833,0.632,14.508,4.47,426.41,,,,,,,,,,,,,18.73,,,,,,
HBEF,CCASE,Soil_Mic_Commun,pre-treatment,11,Soil_11,Ga0599133,4,NA,Warmed,b,Organic,2013,130701,Overcast_humid_(~65%)_75__F,NA,R._Sanders-Demott_A.Lin-Schweitzer_P.Sorensen,DNA,NA,15218_sample_B9,103300,100_150000,4509,18,7974,1643,9,2124,2866,9,5850,2672,6,3990,95,2,162,0,0,0,99,1,1697,222,8,427,1420,1,1697,0,0,0,0,0,0,NA,NA,NA,NA,NA,NA,NA,NA,NA,NA,NA,NA,NA,NA,NA,NA,NA,NA,NA,NA,NA,NA,NA,NA,NA,9.89,NA,NA,-71.70087667,43.94569833,0.929,23.011,4.28,382.31,,,,,,,,,,,,,20.88,,,,,,
HBEF,CCASE,Soil_Mic_Commun,pre-treatment,12,Soil_12,Ga0599133,4,NA,Warmed,c,Organic,2013,130701,Overcast_humid_(~65%)_75__F,NA,R._Sanders-Demott_A.Lin-Schweitzer_P.Sorensen,DNA,NA,15217_sample_A8,71158,50_80000,4509,18,7974,1643,9,2124,2866,9,5850,2672,6,3990,95,2,162,0,0,0,99,1,1697,222,8,427,1420,1,1697,0,0,0,0,0,0,NA,NA,NA,NA,NA,NA,NA,NA,NA,NA,NA,NA,NA,NA,NA,NA,NA,NA,NA,NA,NA,NA,NA,NA,NA,6.64,NA,NA,-71.70087667,43.94569833,0.804,17.986,4.54,399.38,,,,,,,,,,,,,14.71,,,,,,
HBEF,CCASE,Soil_Mic_Commun,pre-treatment,7,Soil_7,Ga0599132,3,NA,Warmed,a,Organic,2013,130701,Overcast_humid_(~65%)_75__F,NA,R._Sanders-Demott_A.Lin-Schweitzer_P.Sorensen,DNA,NA,15218_sample_A12,49299,16_50000,2856,20,6358,576,11,3135,2280,9,3223,1688,7,2653,0,0,0,210,1,285,383,1,285,576,11,3135,0,0,0,0,0,0,0,0,0,NA,NA,NA,NA,NA,NA,NA,NA,NA,NA,NA,NA,NA,NA,NA,NA,NA,NA,NA,NA,NA,NA,NA,NA,NA,64.98,NA,NA,-71.70080333,43.94557833,0.613,13.998,4.26,191.98,,,,,,,,,,,,,10.97,,,,,,
HBEF,CCASE,Soil_Mic_Commun,pre-treatment,8,Soil_8,Ga0599132,3,NA,Warmed,b,Organic,2013,130701,Overcast_humid_(~65%)_75__F,NA,R._Sanders-Demott_A.Lin-Schweitzer_P.Sorensen,DNA,NA,15218_sample_B2,165862,150_300000,2856,20,6358,576,11,3135,2280,9,3223,1688,7,2653,0,0,0,210,1,285,383,1,285,576,11,3135,0,0,0,0,0,0,0,0,0,NA,NA,NA,NA,NA,NA,NA,NA,NA,NA,NA,NA,NA,NA,NA,NA,NA,NA,NA,NA,NA,NA,NA,NA,NA,8.47,NA,NA,-71.70080333,43.94557833,0.882,20.734,4,357.64,,,,,,,,,,,,,13.62,,,,,,
HBEF,CCASE,Soil_Mic_Commun,pre-treatment,34,Soil_34,Ga0599141,6,NA,Warmed_Freeze,a,Min,2013,130701,Overcast_humid_(~65%)_75__F,NA,R._Sanders-Demott_A.Lin-Schweitzer_P.Sorensen,NA,NA,15217_sample_A7,58414,50_80000,3137,16,4645,414,10,732,2723,6,3913,2263,4,3326,460,2,588,0,0,0,0,0,0,407,9,700,0,0,0,7,1,32,0,0,0,NA,NA,NA,NA,NA,NA,NA,NA,NA,NA,NA,NA,NA,NA,NA,NA,NA,NA,NA,NA,NA,NA,NA,NA,NA,7.56,NA,NA,-71.70059833,43.945775,0.159,2.849,5.38,7.3,,,,,,,,,,,,,0.65,,,,,,
HBEF,CCASE,Soil_Mic_Commun,pre-treatment,13,Soil_13,Ga0599134,5,NA,Warmed_Freeze,a,Organic,2013,130701,Overcast_humid_(~65%)_75__F,NA,R._Sanders-Demott_A.Lin-Schweitzer_P.Sorensen,DNA,NA,15218_sample_B3,53373,50_80000,3304,18,5112,263,8,484,3041,10,4628,2981,8,4555,41,1,73,0,0,0,19,1,0,263,8,484,0,0,0,0,0,0,0,0,0,NA,NA,NA,NA,NA,NA,NA,NA,NA,NA,NA,NA,NA,NA,NA,NA,NA,NA,NA,NA,NA,NA,NA,NA,NA,76.62,NA,NA,-71.70075667,43.94572833,0.497,10.1,4.56,181.61,,,,,,,,,,,,,6.89,,,,,,
HBEF,CCASE,Soil_Mic_Commun,pre-treatment,14,Soil_14,Ga0599134,5,NA,Warmed_Freeze,b,Organic,2013,130701,Overcast_humid_(~65%)_75__F,NA,R._Sanders-Demott_A.Lin-Schweitzer_P.Sorensen,DNA,NA,15218_sample_B4,81841,80_100000,3304,18,5112,263,8,484,3041,10,4628,2981,8,4555,41,1,73,0,0,0,19,1,0,263,8,484,0,0,0,0,0,0,0,0,0,NA,NA,NA,NA,NA,NA,NA,NA,NA,NA,NA,NA,NA,NA,NA,NA,NA,NA,NA,NA,NA,NA,NA,NA,NA,-19.3,NA,NA,-71.70075667,43.94572833,0.664,14.158,4.51,272.17,,,,,,,,,,,,,7.29,,,,,,
HBEF,CCASE,Soil_Mic_Commun,pre-treatment,15,Soil_15,Ga0599134,5,NA,Warmed_Freeze,c,Organic,2013,130701,Overcast_humid_(~65%)_75__F,NA,R._Sanders-Demott_A.Lin-Schweitzer_P.Sorensen,DNA,NA,15218_sample_B10,66101,50_80000,3304,18,5112,263,8,484,3041,10,4628,2981,8,4555,41,1,73,0,0,0,19,1,0,263,8,484,0,0,0,0,0,0,0,0,0,NA,NA,NA,NA,NA,NA,NA,NA,NA,NA,NA,NA,NA,NA,NA,NA,NA,NA,NA,NA,NA,NA,NA,NA,NA,0.93,NA,NA,-71.70075667,43.94572833,0.52,11.508,4.35,164.61,,,,,,,,,,,,,9.06,,,,,,
HBEF,CCASE,Soil_Mic_Commun,pre-treatment,16,Soil_16,Ga0599135,6,NA,Warmed_Freeze,a,Organic,2013,130701,Overcast_humid_(~65%)_75__F,NA,R._Sanders-Demott_A.Lin-Schweitzer_P.Sorensen,DNA,NA,15217_sample_A1,96758,80_100000,3137,16,4645,414,10,732,2723,6,3913,2263,4,3326,460,2,588,0,0,0,0,0,0,407,9,700,0,0,0,7,1,32,0,0,0,NA,NA,NA,NA,NA,NA,NA,NA,NA,NA,NA,NA,NA,NA,NA,NA,NA,NA,NA,NA,NA,NA,NA,NA,NA,0.16,NA,NA,-71.70059833,43.945775,1.449,36.863,4.03,605.49,,,,,,,,,,,,,20.66,,,,,,
HBEF,CCASE,Soil_Mic_Commun,pre-treatment,17,Soil_17,Ga0599135,6,NA,Warmed_Freeze,b,Organic,2013,130701,Overcast_humid_(~65%)_75__F,NA,R._Sanders-Demott_A.Lin-Schweitzer_P.Sorensen,DNA,NA,NA,195774,150_300000,3137,16,4645,414,10,732,2723,6,3913,2263,4,3326,460,2,588,0,0,0,0,0,0,407,9,700,0,0,0,7,1,32,0,0,0,NA,NA,NA,NA,NA,NA,NA,NA,NA,NA,NA,NA,NA,NA,NA,NA,NA,NA,NA,NA,NA,NA,NA,NA,NA,51.07,NA,NA,-71.70059833,43.945775,0.514,11.475,4.75,85.9,,,,,,,,,,,,,7.99,,,,,,
HBEF,CCASE,Soil_Mic_Commun,pre-treatment,18,Soil_18,Ga0599135,6,NA,Warmed_Freeze,c,Organic,2013,130701,Overcast_humid_(~65%)_75__F,NA,R._Sanders-Demott_A.Lin-Schweitzer_P.Sorensen,DNA,NA,15218_sample_B5,71299,50_80000,3137,16,4645,414,10,732,2723,6,3913,2263,4,3326,460,2,588,0,0,0,0,0,0,407,9,700,0,0,0,7,1,32,0,0,0,NA,NA,NA,NA,NA,NA,NA,NA,NA,NA,NA,NA,NA,NA,NA,NA,NA,NA,NA,NA,NA,NA,NA,NA,NA,-68.63,NA,NA,-71.70059833,43.945775,1.109,28.996,4.53,661.13,,,,,,,,,,,,,13.15,,,,,,
HBEF,CCASE,Soil_Mic_Commun,post-treatment,107,Soil_107,Ga0599142,1,11,Reference,1,Organic,2014,140512,Sunny_clear_75__F,Budburst,Rebecca_Sanders_Demott_Patrick_Sorensen,NA,NA,NA,118301,100_150000,3189.257578,20,4913.011094,842.2575784,14,1371.011094,2347,6,3542,2347,6,3542,0,0,0,0,0,0,0,0,0,814,13,1309,29,1,62,0,0,0,0,0,0,10.19,10.36,0.179,-0.2,0.31,0.01,0.47,8.2,68,4.8,29.8,710.7,4486.8,0,0,147,4/10/14,100,10.8,30,4.2,11,681.6,1974.7,2.686233564,2.686233564,12.73014465,119.2929381,-71.70193833,43.94523167,1,27.3,4.18,423.8,5.62,1.29,1.57,1.76,0.91,0.31,,0.53,431.77,13.66,2.047,,13.8,,,,,,
HBEF,CCASE,Soil_Mic_Commun,post-treatment,134,Soil_134,Ga0599142,1,11,Reference,1,Organic,2014,140521,Overcast_70_C,Full_leaf-out,Patrick_Sorensen_Maria_Garcia_Josh_Bennett,NA,NA,NA,206036,150_300000,3189.257578,20,4913.011094,842.2575784,14,1371.011094,2347,6,3542,2347,6,3542,0,0,0,0,0,0,0,0,0,814,13,1309,29,1,62,0,0,0,0,0,0,10.57,10.85,0.173,-0.2,0.31,0.01,0.47,8.2,68,4.8,29.8,710.7,4486.8,0,0,147,4/10/14,100,10.8,30,4.2,11,681.6,1974.7,NA,NA,12.73014465,305.9989355,-71.70193833,43.94523167,1.8,49.3,4.18,585.3,10.42,2.43,1.11,1.47,3.04,1.27,2.64,0.95,381.52,,3.369,,,,,,,,
HBEF,CCASE,Soil_Mic_Commun,post-treatment,161,Soil_161,Ga0599142,1,11,Reference,1,Organic,2014,140601,Sunny_humid,Post_leaf-out,Rebecca_Sanders_Demott,NA,NA,NA,100228,100_150000,3189.257578,20,4913.011094,842.2575784,14,1371.011094,2347,6,3542,2347,6,3542,0,0,0,0,0,0,0,0,0,814,13,1309,29,1,62,0,0,0,0,0,0,10.61,10.83,0.162,-0.2,0.31,0.01,0.47,8.2,68,4.8,29.8,710.7,4486.8,0,0,147,4/10/14,100,10.8,30,4.2,11,681.6,1974.7,0.679224134,0.679224134,12.73014465,29.63009501,-71.70193833,43.94523167,0.8,18,4.6,107.7,2.22,0.24,0.73,0.67,1.47,0.4,3.005,0.42,127.66,1.33,0.366,,4.5,,,,,,
HBEF,CCASE,Soil_Mic_Commun,post-treatment,188,Soil_188,Ga0599142,1,11,Reference,1,Organic,2014,140722,Sunny_humid,Peak_plant_biomass,Rebecca_Sanders_Demott_Risa_Mcnellis_Darien,NA,NA,NA,96655,80_100000,3189.257578,20,4913.011094,842.2575784,14,1371.011094,2347,6,3542,2347,6,3542,0,0,0,0,0,0,0,0,0,814,13,1309,29,1,62,0,0,0,0,0,0,17.14,17.67,0.143,-0.2,0.31,0.01,0.47,8.2,68,4.8,29.8,710.7,4486.8,0,0,147,4/10/14,100,10.8,30,4.2,11,681.6,1974.7,0.406905898,0.406905898,12.73014465,229.2358873,-71.70193833,43.94523167,1.8,52.3,4.18,478.1,9.31,1.52,0.28,0.65,2.34,0.48,8.352,0.79,170.54,54.19,2.505,6.2455,12.2,,,,,,
HBEF,CCASE,Soil_Mic_Commun,post-treatment,215,Soil_215,Ga0599142,1,11,Reference,1,Organic,2014,140924,NA,Beginning_of_senescence,NA,NA,NA,NA,90411,80_100000,3189.257578,20,4913.011094,842.2575784,14,1371.011094,2347,6,3542,2347,6,3542,0,0,0,0,0,0,0,0,0,814,13,1309,29,1,62,0,0,0,0,0,0,12.2,12.27,0.091,-0.2,0.31,0.01,0.47,8.2,68,4.8,29.8,710.7,4486.8,0,0,147,4/10/14,100,10.8,30,4.2,11,681.6,1974.7,-0.306878967,-0.306878967,12.73014465,133.5275744,-71.70193833,43.94523167,1.5,41.9,4.18,320.6,5.72,1.41,0.61,1.96,1,0.23,4.654,0.74,270.24,24.65,1.36,,10.3,,,,,,
HBEF,CCASE,Soil_Mic_Commun,post-treatment,80,Soil_80,Ga0599142,1,11,Reference,1,Organic,2014,140416,Windy_cloudy_35__F,Pre-budburst_post-snowmelt,Rebecca_Sanders_Demott_Patrick_Sorensen,NA,NA,NA,195578,150_300000,3189,20,4913,842,14,1371,2347,6,3542,2347,6,3542,0,0,0,0,0,0,0,0,0,814,13,1309,29,1,62,0,0,0,0,0,0,0.29,0.17,0.227,-0.2,0.31,0.01,0.47,8.2,68,4.8,29.8,710.7,4486.8,0,0,147,4/10/14,100,10.8,30,4.2,11,681.6,1974.7,0.012779568,0.01,12.73014465,103.5307919,-71.70193833,43.94523167,1.3,38.2,3.76,395.8,6.11,1.28,0.88,1.26,2.75,0.54,,0.66,278.21,7.3,1.689,,13.3,,,,,,
HBEF,CCASE,Soil_Mic_Commun,post-treatment,108,Soil_108,Ga0599142,1,12,Reference,2,Organic,2014,140512,Sunny_clear_75__F,Budburst,Rebecca_Sanders_Demott_Patrick_Sorensen,NA,NA,NA,289670,150_300000,3189.257578,20,4913.011094,842.2575784,14,1371.011094,2347,6,3542,2347,6,3542,0,0,0,0,0,0,0,0,0,814,13,1309,29,1,62,0,0,0,0,0,0,10.19,10.36,0.179,-0.2,0.31,0.01,0.47,10,68,5.5,26.3,810.5,3998.7,0,0,147,4/10/14,100,16.4,22,4.3,9.4,791.3,1648.7,3.47569532,3.47569532,23.7906395,180.9321758,-71.70192333,43.94527333,1.5,43.6,3.71,582.3,7.81,1.42,1.79,2.58,1.33,0.43,,0.49,225.74,5.06,2.107,,12.1,,,,,,
HBEF,CCASE,Soil_Mic_Commun,post-treatment,135,Soil_135,Ga0599142,1,12,Reference,2,Organic,2014,140521,Overcast_70_C,Full_leaf-out,Patrick_Sorensen_Maria_Garcia_Josh_Bennett,NA,NA,NA,133047,100_150000,3189.257578,20,4913.011094,842.2575784,14,1371.011094,2347,6,3542,2347,6,3542,0,0,0,0,0,0,0,0,0,814,13,1309,29,1,62,0,0,0,0,0,0,10.57,10.85,0.173,-0.2,0.31,0.01,0.47,10,68,5.5,26.3,810.5,3998.7,0,0,147,4/10/14,100,16.4,22,4.3,9.4,791.3,1648.7,NA,NA,23.7906395,106.7921704,-71.70192333,43.94527333,0.8,23.9,3.71,319.6,4.16,0.34,0.97,3.24,0.57,0.16,2.64,0.27,140.58,,1.418,,,,,,,,
HBEF,CCASE,Soil_Mic_Commun,post-treatment,189,Soil_189,Ga0599142,1,12,Reference,2,Organic,2014,140722,Sunny_humid,Peak_plant_biomass,Rebecca_Sanders_Demott_Risa_Mcnellis_Darien,NA,NA,NA,105465,100_150000,3189.257578,20,4913.011094,842.2575784,14,1371.011094,2347,6,3542,2347,6,3542,0,0,0,0,0,0,0,0,0,814,13,1309,29,1,62,0,0,0,0,0,0,17.14,17.67,0.143,-0.2,0.31,0.01,0.47,10,68,5.5,26.3,810.5,3998.7,0,0,147,4/10/14,100,16.4,22,4.3,9.4,791.3,1648.7,0.651021937,0.651021937,23.7906395,152.300745,-71.70192333,43.94527333,1.6,47.6,3.71,356.4,7.83,1.34,0.29,0.72,1.05,0.37,8.352,0.71,152.65,30.44,2.121,6.2455,11.9,,,,,,
HBEF,CCASE,Soil_Mic_Commun,post-treatment,216,Soil_216,Ga0599142,1,12,Reference,2,Organic,2014,140924,NA,Beginning_of_senescence,NA,NA,NA,NA,50778,50_80000,3189.257578,20,4913.011094,842.2575784,14,1371.011094,2347,6,3542,2347,6,3542,0,0,0,0,0,0,0,0,0,814,13,1309,29,1,62,0,0,0,0,0,0,12.2,12.27,0.091,-0.2,0.31,0.01,0.47,10,68,5.5,26.3,810.5,3998.7,0,0,147,4/10/14,100,16.4,22,4.3,9.4,791.3,1648.7,-0.231452167,-0.231452167,23.7906395,141.6671768,-71.70192333,43.94527333,1.3,36.9,3.71,273.9,11.92,0.77,0.42,0.82,1.27,0.55,4.654,0.8,290.87,14.44,0.94,,6.3,,,,,,
HBEF,CCASE,Soil_Mic_Commun,post-treatment,81,Soil_81,Ga0599142,1,12,Reference,2,Organic,2014,140416,Windy_cloudy_35__F,Pre-budburst_post-snowmelt,Rebecca_Sanders_Demott_Patrick_Sorensen,NA,NA,NA,86854,80_100000,3189,20,4913,842,14,1371,2347,6,3542,2347,6,3542,0,0,0,0,0,0,0,0,0,814,13,1309,29,1,62,0,0,0,0,0,0,0.29,0.17,0.227,-0.2,0.31,0.01,0.47,10,68,5.5,26.3,810.5,3998.7,0,0,147,4/10/14,100,16.4,22,4.3,9.4,791.3,1648.7,0.75042809,0.75,23.7906395,168.1848496,-71.70192333,43.94527333,1.2,34.8,3.93,406.7,9.97,1.88,0.9,1.49,1.55,0.57,,0.66,234.22,9.52,1.888,,14.5,,,,,,
HBEF,CCASE,Soil_Mic_Commun,post-treatment,109,Soil_109,Ga0599142,1,13,Reference,3,Organic,2014,140512,Sunny_clear_75__F,Budburst,Rebecca_Sanders_Demott_Patrick_Sorensen,NA,NA,NA,88771,80_100000,3189.257578,20,4913.011094,842.2575784,14,1371.011094,2347,6,3542,2347,6,3542,0,0,0,0,0,0,0,0,0,814,13,1309,29,1,62,0,0,0,0,0,0,10.19,10.36,0.179,-0.2,0.31,0.01,0.47,24,86,10.1,29.1,1524,4453.8,0,0,147,4/10/14,100,16,25,5.5,10.2,942.1,1757.6,4.862048845,4.862048845,13.80796204,111.3545238,-71.70186667,43.94526833,1.3,35.5,3.56,531.3,4.21,0.67,2.95,1.57,1.58,0.33,,0.47,585.1,3.99,1.698,,14.4,,,,,,
HBEF,CCASE,Soil_Mic_Commun,post-treatment,136,Soil_136,Ga0599142,1,13,Reference,3,Organic,2014,140521,Overcast_70_C,Full_leaf-out,Patrick_Sorensen_Maria_Garcia_Josh_Bennett,NA,NA,NA,60732,50_80000,3189.257578,20,4913.011094,842.2575784,14,1371.011094,2347,6,3542,2347,6,3542,0,0,0,0,0,0,0,0,0,814,13,1309,29,1,62,0,0,0,0,0,0,10.57,10.85,0.173,-0.2,0.31,0.01,0.47,24,86,10.1,29.1,1524,4453.8,0,0,147,4/10/14,100,16,25,5.5,10.2,942.1,1757.6,NA,NA,13.80796204,25.93273751,-71.70186667,43.94526833,0.9,22.5,3.56,214.7,3.14,0.32,2.18,1.83,0.54,0.24,2.64,0.34,358.26,,0.841,,,,,,,,
HBEF,CCASE,Soil_Mic_Commun,post-treatment,163,Soil_163,Ga0599142,1,13,Reference,3,Organic,2014,140601,Sunny_humid,Post_leaf-out,Rebecca_Sanders_Demott,NA,NA,NA,69789,50_80000,3189.257578,20,4913.011094,842.2575784,14,1371.011094,2347,6,3542,2347,6,3542,0,0,0,0,0,0,0,0,0,814,13,1309,29,1,62,0,0,0,0,0,0,10.61,10.83,0.162,-0.2,0.31,0.01,0.47,24,86,10.1,29.1,1524,4453.8,0,0,147,4/10/14,100,16,25,5.5,10.2,942.1,1757.6,3.210582122,3.210582122,13.80796204,79.21395276,-71.70186667,43.94526833,1.4,31.6,3.56,518.1,5.94,0.6,0.81,1.1,1.13,0.72,3.005,0.23,395.95,9.88,1.253,,10.4,,,,,,
HBEF,CCASE,Soil_Mic_Commun,post-treatment,190,Soil_190,Ga0599142,1,13,Reference,3,Organic,2014,140722,Sunny_humid,Peak_plant_biomass,Rebecca_Sanders_Demott_Risa_Mcnellis_Darien,NA,NA,NA,43770,16_50000,3189.257578,20,4913.011094,842.2575784,14,1371.011094,2347,6,3542,2347,6,3542,0,0,0,0,0,0,0,0,0,814,13,1309,29,1,62,0,0,0,0,0,0,17.14,17.67,0.143,-0.2,0.31,0.01,0.47,24,86,10.1,29.1,1524,4453.8,0,0,147,4/10/14,100,16,25,5.5,10.2,942.1,1757.6,0.356188561,0.356188561,13.80796204,83.8864103,-71.70186667,43.94526833,0.7,16.8,3.56,213.7,3.85,0.31,1,1.39,0.87,0.14,8.352,0.5,147.63,9.58,0.519,6.2455,4.5,,,,,,
HBEF,CCASE,Soil_Mic_Commun,post-treatment,217,Soil_217,Ga0599142,1,13,Reference,3,Organic,2014,140924,NA,Beginning_of_senescence,NA,NA,NA,NA,41174,16_50000,3189.257578,20,4913.011094,842.2575784,14,1371.011094,2347,6,3542,2347,6,3542,0,0,0,0,0,0,0,0,0,814,13,1309,29,1,62,0,0,0,0,0,0,12.2,12.27,0.091,-0.2,0.31,0.01,0.47,24,86,10.1,29.1,1524,4453.8,0,0,147,4/10/14,100,16,25,5.5,10.2,942.1,1757.6,4.103225411,4.103225411,13.80796204,241.9459514,-71.70186667,43.94526833,1.9,49.4,3.56,651,5.27,0.8,1.54,1.62,1.95,0.44,4.654,1.25,561.23,39.33,3.028,,16.2,,,,,,
HBEF,CCASE,Soil_Mic_Commun,post-treatment,110,Soil_110,Ga0599142,1,14,Reference,4,Organic,2014,140512,Sunny_clear_75__F,Budburst,Rebecca_Sanders_Demott_Patrick_Sorensen,NA,NA,NA,56543,50_80000,3189.257578,20,4913.011094,842.2575784,14,1371.011094,2347,6,3542,2347,6,3542,0,0,0,0,0,0,0,0,0,814,13,1309,29,1,62,0,0,0,0,0,0,10.19,10.36,0.179,-0.2,0.31,0.01,0.47,25.3,75,6.9,29.1,1050.1,4524.2,0,0,147,4/10/14,100,11,23,3.9,8.8,663.1,1552.1,9.199739047,9.199739047,12.19527935,111.4926373,-71.70190167,43.94522167,1.7,45.2,4.195,511.7,7.04,0.94,3.26,3.28,1.18,0.43,,0.55,552.09,11.76,2.865,,18.3,,,,,,
HBEF,CCASE,Soil_Mic_Commun,post-treatment,137,Soil_137,Ga0599142,1,14,Reference,4,Organic,2014,140521,Overcast_70_C,Full_leaf-out,Patrick_Sorensen_Maria_Garcia_Josh_Bennett,NA,NA,NA,145978,100_150000,3189.257578,20,4913.011094,842.2575784,14,1371.011094,2347,6,3542,2347,6,3542,0,0,0,0,0,0,0,0,0,814,13,1309,29,1,62,0,0,0,0,0,0,10.57,10.85,0.173,-0.2,0.31,0.01,0.47,25.3,75,6.9,29.1,1050.1,4524.2,0,0,147,4/10/14,100,11,23,3.9,8.8,663.1,1552.1,NA,NA,12.19527935,197.5459341,-71.70190167,43.94522167,1.7,46.3,4.195,464.7,5.3,0.62,1.09,1.57,0.86,0.4,2.64,0.37,208.94,,2.015,,,,,,,,
HBEF,CCASE,Soil_Mic_Commun,post-treatment,191,Soil_191,Ga0599142,1,14,Reference,4,Organic,2014,140722,Sunny_humid,Peak_plant_biomass,Rebecca_Sanders_Demott_Risa_Mcnellis_Darien,NA,NA,NA,18925,16_50000,3189.257578,20,4913.011094,842.2575784,14,1371.011094,2347,6,3542,2347,6,3542,0,0,0,0,0,0,0,0,0,814,13,1309,29,1,62,0,0,0,0,0,0,17.14,17.67,0.143,-0.2,0.31,0.01,0.47,25.3,75,6.9,29.1,1050.1,4524.2,0,0,147,4/10/14,100,11,23,3.9,8.8,663.1,1552.1,-0.040382613,NA,12.19527935,NA,-71.70190167,43.94522167,1.5,38.4,4.195,,,,,,,,8.352,-0.08,,1.13,,6.2455,,,,,,,
HBEF,CCASE,Soil_Mic_Commun,post-treatment,218,Soil_218,Ga0599142,1,14,Reference,4,Organic,2014,140924,NA,Beginning_of_senescence,NA,NA,NA,NA,47914,16_50000,3189.257578,20,4913.011094,842.2575784,14,1371.011094,2347,6,3542,2347,6,3542,0,0,0,0,0,0,0,0,0,814,13,1309,29,1,62,0,0,0,0,0,0,12.2,12.27,0.091,-0.2,0.31,0.01,0.47,25.3,75,6.9,29.1,1050.1,4524.2,0,0,147,4/10/14,100,11,23,3.9,8.8,663.1,1552.1,1.520156392,1.520156392,12.19527935,21.00896727,-71.70190167,43.94522167,1.9,50.7,4.195,236.7,4.68,0.47,0.38,0.65,1.05,0.36,4.654,0.54,217.73,17.58,1.17,,9.6,,,,,,
HBEF,CCASE,Soil_Mic_Commun,post-treatment,83,Soil_83,Ga0599142,1,14,Reference,4,Organic,2014,140416,Windy_cloudy_35__F,Pre-budburst_post-snowmelt,Rebecca_Sanders_Demott_Patrick_Sorensen,NA,NA,NA,151637,150_300000,3189,20,4913,842,14,1371,2347,6,3542,2347,6,3542,0,0,0,0,0,0,0,0,0,814,13,1309,29,1,62,0,0,0,0,0,0,0.29,0.17,0.227,-0.2,0.31,0.01,0.47,25.3,75,6.9,29.1,1050.1,4524.2,0,0,147,4/10/14,100,11,23,3.9,8.8,663.1,1552.1,2.108407304,2.11,12.19527935,77.73269534,-71.70190167,43.94522167,1.2,29.3,4.33,245.7,3.52,0.33,1.81,2.21,0.3,0.06,,0.19,305.14,6.75,0.891,,5.9,,,,,,
HBEF,CCASE,Soil_Mic_Commun,post-treatment,111,Soil_111,Ga0599143,2,21,Reference,1,Organic,2014,140512,Sunny_clear_75__F,Budburst,Rebecca_Sanders_Demott_Patrick_Sorensen,NA,NA,NA,83751,80_100000,4554,65,7513,3369,56,5484,1185,9,2029,1185,9,2029,0,0,0,0,0,0,19,1,52,419,12,733,0,0,0,0,0,0,227,2,689,10.7,11.58895833,0.173,0.21,0.68,-0.1,0.27,14.8,65,6.1,29.8,925.8,4448.8,0,0,143.25,4/10/14,100,14,25,4.9,10,842.3,1756.2,1.473736937,1.473736937,12.49535934,70.19629532,-71.70149667,43.94506833,1.1,25.9,4.28,288.1,2.96,0.73,1.17,1.6,0.75,0.47,,0.96,174.7,6.45,1.069,,11.8,,,,,,
HBEF,CCASE,Soil_Mic_Commun,post-treatment,138,Soil_138,Ga0599143,2,21,Reference,1,Organic,2014,140521,Overcast_70_C,Full_leaf-out,Patrick_Sorensen_Maria_Garcia_Josh_Bennett,NA,NA,NA,157887,150_300000,4554,65,7513,3369,56,5484,1185,9,2029,1185,9,2029,0,0,0,0,0,0,19,1,52,419,12,733,0,0,0,0,0,0,227,2,689,10.99,11.43,0.168,0.21,0.68,-0.1,0.27,14.8,65,6.1,29.8,925.8,4448.8,0,0,143.25,4/10/14,100,14,25,4.9,10,842.3,1756.2,NA,NA,12.49535934,94.66788829,-71.70149667,43.94506833,0.9,23,4.28,280.7,2.08,0.86,0.98,2.75,0.25,0.06,2.902,0.5,285.72,,1.184,,,,,,,,
HBEF,CCASE,Soil_Mic_Commun,post-treatment,192,Soil_192,Ga0599143,2,21,Reference,1,Organic,2014,140722,Sunny_humid,Peak_plant_biomass,Rebecca_Sanders_Demott_Risa_Mcnellis_Darien,NA,NA,NA,106071,100_150000,4554,65,7513,3369,56,5484,1185,9,2029,1185,9,2029,0,0,0,0,0,0,19,1,52,419,12,733,0,0,0,0,0,0,227,2,689,17.01,17.17,0.141,0.21,0.68,-0.1,0.27,14.8,65,6.1,29.8,925.8,4448.8,0,0,143.25,4/10/14,100,14,25,4.9,10,842.3,1756.2,-0.065734511,-0.065734511,12.49535934,107.8874046,-71.70149667,43.94506833,0.9,22,4.28,205.5,5.39,1.01,0.94,1.05,0.82,0.2,6.348,0.75,95.8,9.92,0.697,5.996366667,6.8,,,,,,
HBEF,CCASE,Soil_Mic_Commun,post-treatment,84,Soil_84,Ga0599143,2,21,Reference,1,Organic,2014,140416,Windy_cloudy_35__F,Pre-budburst_post-snowmelt,Rebecca_Sanders_Demott_Patrick_Sorensen,NA,NA,NA,83294,80_100000,4554,65,7513,3369,56,5484,1185,9,2029,1185,9,2029,0,0,0,0,0,0,19,1,52,419,12,733,0,0,0,0,0,0,227,2,689,0.699645833,3.617666667,0.204,0.21,0.68,-0.1,0.27,14.8,65,6.1,29.8,925.8,4448.8,0,0,143.25,4/10/14,100,14,25,4.9,10,842.3,1756.2,2.588810288,2.59,12.49535934,55.92936626,-71.70149667,43.94506833,1.5,40.6,4.3,728.5,8.73,2.42,2.48,3.1,2.55,0.66,,0.81,458.99,12.52,2.181,,22.7,,,,,,
HBEF,CCASE,Soil_Mic_Commun,post-treatment,112,Soil_112,Ga0599143,2,22,Reference,2,Organic,2014,140512,Sunny_clear_75__F,Budburst,Rebecca_Sanders_Demott_Patrick_Sorensen,NA,NA,NA,153276,150_300000,4554,65,7513,3369,56,5484,1185,9,2029,1185,9,2029,0,0,0,0,0,0,19,1,52,419,12,733,0,0,0,0,0,0,227,2,689,10.7,11.58895833,0.173,0.21,0.68,-0.1,0.27,6.9,70,3.9,29.8,576,4446.8,0,0,143.25,4/10/14,100,11.2,25,4,9.9,683.1,1758.7,0.013052559,0.013052559,14.85193129,34.50930653,-71.70147333,43.94505333,0.6,12.6,4.33,152.7,2.39,0.26,0.44,1.2,0.67,0.27,,0.58,96.2,2.45,0.538,,6.6,,,,,,
HBEF,CCASE,Soil_Mic_Commun,post-treatment,139,Soil_139,Ga0599143,2,22,Reference,2,Organic,2014,140521,Overcast_70_C,Full_leaf-out,Patrick_Sorensen_Maria_Garcia_Josh_Bennett,NA,NA,NA,104710,100_150000,4554,65,7513,3369,56,5484,1185,9,2029,1185,9,2029,0,0,0,0,0,0,19,1,52,419,12,733,0,0,0,0,0,0,227,2,689,10.99,11.43,0.168,0.21,0.68,-0.1,0.27,6.9,70,3.9,29.8,576,4446.8,0,0,143.25,4/10/14,100,11.2,25,4,9.9,683.1,1758.7,NA,NA,14.85193129,36.76052302,-71.70147333,43.94505333,0.5,11.2,4.33,88.9,1.67,0.48,0.79,2.26,0.37,0.2,2.902,0.36,122.77,,0.646,,,,,,,,
HBEF,CCASE,Soil_Mic_Commun,post-treatment,166,Soil_166,Ga0599143,2,22,Reference,2,Organic,2014,140601,Sunny_humid,Post_leaf-out,Rebecca_Sanders_Demott,NA,NA,NA,81238,80_100000,4554,65,7513,3369,56,5484,1185,9,2029,1185,9,2029,0,0,0,0,0,0,19,1,52,419,12,733,0,0,0,0,0,0,227,2,689,10.86,11.2,0.166,0.21,0.68,-0.1,0.27,6.9,70,3.9,29.8,576,4446.8,0,0,143.25,4/10/14,100,11.2,25,4,9.9,683.1,1758.7,1.96258727,1.96258727,14.85193129,70.27168105,-71.70147333,43.94505333,0.8,17.1,4.3,209.6,5.22,1.07,0.77,1.02,0.98,1.5,3.554,0.76,167.5,3.93,0.764,,8,,,,,,
HBEF,CCASE,Soil_Mic_Commun,post-treatment,193,Soil_193,Ga0599143,2,22,Reference,2,Organic,2014,140722,Sunny_humid,Peak_plant_biomass,Rebecca_Sanders_Demott_Risa_Mcnellis_Darien,NA,NA,NA,53974,50_80000,4554,65,7513,3369,56,5484,1185,9,2029,1185,9,2029,0,0,0,0,0,0,19,1,52,419,12,733,0,0,0,0,0,0,227,2,689,17.01,17.17,0.141,0.21,0.68,-0.1,0.27,6.9,70,3.9,29.8,576,4446.8,0,0,143.25,4/10/14,100,11.2,25,4,9.9,683.1,1758.7,-0.102573023,-0.102573023,14.85193129,89.12425358,-71.70147333,43.94505333,0.7,14.6,4.33,166.1,3.73,0.62,0.35,0.38,0.79,0.1,6.348,0.71,47.23,5.69,0.617,5.996366667,7,,,,,,
HBEF,CCASE,Soil_Mic_Commun,post-treatment,220,Soil_220,Ga0599143,2,22,Reference,2,Organic,2014,140924,NA,Beginning_of_senescence,NA,NA,NA,NA,40894,16_50000,4554,65,7513,3369,56,5484,1185,9,2029,1185,9,2029,0,0,0,0,0,0,19,1,52,419,12,733,0,0,0,0,0,0,227,2,689,11.79,11.97,0.076,0.21,0.68,-0.1,0.27,6.9,70,3.9,29.8,576,4446.8,0,0,143.25,4/10/14,100,11.2,25,4,9.9,683.1,1758.7,-0.573752898,-0.573752898,14.85193129,220.9677431,-71.70147333,43.94505333,1.5,38.2,4.33,413.3,3.49,1.3,0.28,0.67,1.5,0.4,4.054,1.17,298.79,31.85,0.992,,11.3,,,,,,
HBEF,CCASE,Soil_Mic_Commun,post-treatment,85,Soil_85,Ga0599143,2,22,Reference,2,Organic,2014,140416,Windy_cloudy_35__F,Pre-budburst_post-snowmelt,Rebecca_Sanders_Demott_Patrick_Sorensen,NA,NA,NA,98203,80_100000,4554,65,7513,3369,56,5484,1185,9,2029,1185,9,2029,0,0,0,0,0,0,19,1,52,419,12,733,0,0,0,0,0,0,227,2,689,0.699645833,3.617666667,0.204,0.21,0.68,-0.1,0.27,6.9,70,3.9,29.8,576,4446.8,0,0,143.25,4/10/14,100,11.2,25,4,9.9,683.1,1758.7,1.539996973,1.54,14.85193129,49.95880045,-71.70147333,43.94505333,1.1,28.8,4.36,313.8,5.22,1.18,1.1,2.16,1.01,0.36,,0.42,266.48,5.61,1.054,,9.2,,,,,,
HBEF,CCASE,Soil_Mic_Commun,post-treatment,140,Soil_140,Ga0599143,2,23,Reference,3,Organic,2014,140521,Overcast_70_C,Full_leaf-out,Patrick_Sorensen_Maria_Garcia_Josh_Bennett,NA,NA,NA,182344,150_300000,4554,65,7513,3369,56,5484,1185,9,2029,1185,9,2029,0,0,0,0,0,0,19,1,52,419,12,733,0,0,0,0,0,0,227,2,689,10.99,11.43,0.168,0.21,0.68,-0.1,0.27,8.1,67,4.5,31.3,639.6,4667.3,0,0,143.25,4/10/14,100,11.3,23,4.1,9,696,1574.1,NA,NA,11.53910657,58.77372918,-71.70146333,43.945005,0.5,11.8,4.31,142.1,1.74,0.32,0.55,2.11,0.66,0.14,2.902,0.5,139.71,,0.593,,,,,,,,
HBEF,CCASE,Soil_Mic_Commun,post-treatment,167,Soil_167,Ga0599143,2,23,Reference,3,Organic,2014,140601,Sunny_humid,Post_leaf-out,Rebecca_Sanders_Demott,NA,NA,NA,106014,100_150000,4554,65,7513,3369,56,5484,1185,9,2029,1185,9,2029,0,0,0,0,0,0,19,1,52,419,12,733,0,0,0,0,0,0,227,2,689,10.86,11.2,0.166,0.21,0.68,-0.1,0.27,8.1,67,4.5,31.3,639.6,4667.3,0,0,143.25,4/10/14,100,11.3,23,4.1,9,696,1574.1,3.111763157,3.111763157,11.53910657,69.96369421,-71.70146333,43.945005,0.9,21.7,,320.8,4.2,1.5,1.32,1.52,2.25,1.94,3.554,0.73,327.32,6.16,1.426,,10.2,,,,,,
HBEF,CCASE,Soil_Mic_Commun,post-treatment,194,Soil_194,Ga0599143,2,23,Reference,3,Organic,2014,140722,Sunny_humid,Peak_plant_biomass,Rebecca_Sanders_Demott_Risa_Mcnellis_Darien,NA,NA,NA,148296,100_150000,4554,65,7513,3369,56,5484,1185,9,2029,1185,9,2029,0,0,0,0,0,0,19,1,52,419,12,733,0,0,0,0,0,0,227,2,689,17.01,17.17,0.141,0.21,0.68,-0.1,0.27,8.1,67,4.5,31.3,639.6,4667.3,0,0,143.25,4/10/14,100,11.3,23,4.1,9,696,1574.1,-0.012573423,NA,11.53910657,NA,-71.70146333,43.945005,1.2,29.1,4.31,,,,,,,,6.348,-0.14,,0.35,,5.996366667,,,,,,,
HBEF,CCASE,Soil_Mic_Commun,post-treatment,221,Soil_221,Ga0599143,2,23,Reference,3,Organic,2014,140924,NA,Beginning_of_senescence,NA,NA,NA,NA,38936,16_50000,4554,65,7513,3369,56,5484,1185,9,2029,1185,9,2029,0,0,0,0,0,0,19,1,52,419,12,733,0,0,0,0,0,0,227,2,689,11.79,11.97,0.076,0.21,0.68,-0.1,0.27,8.1,67,4.5,31.3,639.6,4667.3,0,0,143.25,4/10/14,100,11.3,23,4.1,9,696,1574.1,-0.396256687,-0.396256687,11.53910657,210.5704867,-71.70146333,43.945005,1.5,40,4.31,405.5,3.89,1.55,1,2.16,2.42,0.49,4.054,0.87,205.73,22.22,1.395,,11.1,,,,,,
HBEF,CCASE,Soil_Mic_Commun,post-treatment,86,Soil_86,Ga0599143,2,23,Reference,3,Organic,2014,140416,Windy_cloudy_35__F,Pre-budburst_post-snowmelt,Rebecca_Sanders_Demott_Patrick_Sorensen,NA,NA,NA,101374,100_150000,4554,65,7513,3369,56,5484,1185,9,2029,1185,9,2029,0,0,0,0,0,0,19,1,52,419,12,733,0,0,0,0,0,0,227,2,689,0.699645833,3.617666667,0.204,0.21,0.68,-0.1,0.27,8.1,67,4.5,31.3,639.6,4667.3,0,0,143.25,4/10/14,100,11.3,23,4.1,9,696,1574.1,5.218110357,5.22,11.53910657,135.4711343,-71.70146333,43.945005,1.7,43.4,4.31,751.5,11.37,2.38,0.88,0.7,3.22,0.86,,0.22,433.04,11.58,2.852,,19.2,,,,,,
HBEF,CCASE,Soil_Mic_Commun,post-treatment,114,Soil_114,Ga0599143,2,24,Reference,4,Organic,2014,140512,Sunny_clear_75__F,Budburst,Rebecca_Sanders_Demott_Patrick_Sorensen,NA,NA,NA,169863,150_300000,4554,65,7513,3369,56,5484,1185,9,2029,1185,9,2029,0,0,0,0,0,0,19,1,52,419,12,733,0,0,0,0,0,0,227,2,689,10.7,11.58895833,0.173,0.21,0.68,-0.1,0.27,15.5,87,10.2,30.3,1504.7,4564.2,0,0,143.25,4/10/14,100,22.8,28,10,10,1644.3,1793.2,0.532091927,0.532091927,12.75720881,85.39650319,-71.701505,43.94500667,0.8,17,4.18,263.9,2.51,0.64,1.37,2.08,0.92,0.28,,0.49,168.03,9.8,0.593,,7.8,,,,,,
HBEF,CCASE,Soil_Mic_Commun,post-treatment,141,Soil_141,Ga0599143,2,24,Reference,4,Organic,2014,140521,Overcast_70_C,Full_leaf-out,Patrick_Sorensen_Maria_Garcia_Josh_Bennett,NA,NA,NA,102863,100_150000,4554,65,7513,3369,56,5484,1185,9,2029,1185,9,2029,0,0,0,0,0,0,19,1,52,419,12,733,0,0,0,0,0,0,227,2,689,10.99,11.43,0.168,0.21,0.68,-0.1,0.27,15.5,87,10.2,30.3,1504.7,4564.2,0,0,143.25,4/10/14,100,22.8,28,10,10,1644.3,1793.2,NA,NA,12.75720881,140.6761792,-71.701505,43.94500667,1.2,27.5,4.18,436.5,5.35,1.03,1.62,2.2,1.21,0.47,2.902,0.89,334.16,,1.642,,,,,,,,
HBEF,CCASE,Soil_Mic_Commun,post-treatment,195,Soil_195,Ga0599143,2,24,Reference,4,Organic,2014,140722,Sunny_humid,Peak_plant_biomass,Rebecca_Sanders_Demott_Risa_Mcnellis_Darien,NA,NA,NA,86800,80_100000,4554,65,7513,3369,56,5484,1185,9,2029,1185,9,2029,0,0,0,0,0,0,19,1,52,419,12,733,0,0,0,0,0,0,227,2,689,17.01,17.17,0.141,0.21,0.68,-0.1,0.27,15.5,87,10.2,30.3,1504.7,4564.2,0,0,143.25,4/10/14,100,22.8,28,10,10,1644.3,1793.2,-0.056655413,-0.056655413,12.75720881,47.50694552,-71.701505,43.94500667,0.4,8.5,4.18,128.5,2.52,0.43,0.43,0.59,0.47,0.08,6.348,0.57,64.73,4.51,0.463,5.996366667,8.9,,,,,,
HBEF,CCASE,Soil_Mic_Commun,post-treatment,222,Soil_222,Ga0599143,2,24,Reference,4,Organic,2014,140924,NA,Beginning_of_senescence,NA,NA,NA,NA,56757,50_80000,4554,65,7513,3369,56,5484,1185,9,2029,1185,9,2029,0,0,0,0,0,0,19,1,52,419,12,733,0,0,0,0,0,0,227,2,689,11.79,11.97,0.076,0.21,0.68,-0.1,0.27,15.5,87,10.2,30.3,1504.7,4564.2,0,0,143.25,4/10/14,100,22.8,28,10,10,1644.3,1793.2,-0.256274855,-0.256274855,12.75720881,173.8029835,-71.701505,43.94500667,1.7,43.2,4.18,377.2,7.68,1.09,1,1.14,2.21,0.47,4.054,0.97,288.98,22.31,0.915,,8.6,,,,,,
HBEF,CCASE,Soil_Mic_Commun,post-treatment,87,Soil_87,Ga0599143,2,24,Reference,4,Organic,2014,140416,Windy_cloudy_35__F,Pre-budburst_post-snowmelt,Rebecca_Sanders_Demott_Patrick_Sorensen,NA,NA,NA,96875,80_100000,4554,65,7513,3369,56,5484,1185,9,2029,1185,9,2029,0,0,0,0,0,0,19,1,52,419,12,733,0,0,0,0,0,0,227,2,689,0.699645833,3.617666667,0.204,0.21,0.68,-0.1,0.27,15.5,87,10.2,30.3,1504.7,4564.2,0,0,143.25,4/10/14,100,22.8,28,10,10,1644.3,1793.2,6.17508797,6.18,12.75720881,165.4044108,-71.701505,43.94500667,1.5,37,4.28,776.5,9.37,2.96,,,1.92,0.99,,0.52,954.22,28.56,2.251,,18.4,,,,,,
HBEF,CCASE,Soil_Mic_Commun,post-treatment,115,Soil_115,Ga0599144,3,31,Warmed,1,Organic,2014,140512,Sunny_clear_75__F,Budburst,Rebecca_Sanders_Demott_Patrick_Sorensen,NA,NA,NA,163176,150_300000,2856,20,6358,576,11,3135,2280,9,3223,1688,7,2653,0,0,0,210,1,285,383,1,285,576,11,3135,0,0,0,0,0,0,0,0,0,15.47,16.14,0.19,-0.15,0.13,-0.03,0.39,9,62,5.5,31.2,822.6,4708.7,0,0,143.25,4/10/14,100,11.1,30,5.2,12.1,793.2,2160.2,2.274288535,2.274288535,12.62912701,124.7594194,-71.70082833,43.94558,1,21.7,4.22,430.5,2.22,,1.3,3.53,0.43,0.34,,0.37,164.32,2.25,1.224,,11.4,,,,,,
HBEF,CCASE,Soil_Mic_Commun,post-treatment,142,Soil_142,Ga0599144,3,31,Warmed,1,Organic,2014,140521,Overcast_70_C,Full_leaf-out,Patrick_Sorensen_Maria_Garcia_Josh_Bennett,NA,NA,NA,40866,16_50000,2856,20,6358,576,11,3135,2280,9,3223,1688,7,2653,0,0,0,210,1,285,383,1,285,576,11,3135,0,0,0,0,0,0,0,0,0,15.83,16.26,0.183,-0.15,0.13,-0.03,0.39,9,62,5.5,31.2,822.6,4708.7,0,0,143.25,4/10/14,100,11.1,30,5.2,12.1,793.2,2160.2,NA,,12.62912701,33.44886396,-71.70082833,43.94558,0.5,9.8,4.22,110.8,1.13,0.15,0.4,1.13,0.28,0.02,3.968,0.47,105.42,,0.423,,,,,,,,
HBEF,CCASE,Soil_Mic_Commun,post-treatment,169,Soil_169,Ga0599144,3,31,Warmed,1,Organic,2014,140601,Sunny_humid,Post_leaf-out,Rebecca_Sanders_Demott,NA,NA,NA,43056,16_50000,2856,20,6358,576,11,3135,2280,9,3223,1688,7,2653,0,0,0,210,1,285,383,1,285,576,11,3135,0,0,0,0,0,0,0,0,0,15.74,16.15,0.179,-0.15,0.13,-0.03,0.39,9,62,5.5,31.2,822.6,4708.7,0,0,143.25,4/10/14,100,11.1,30,5.2,12.1,793.2,2160.2,0.072868053,0.072868053,12.62912701,62.75111137,-71.70082833,43.94558,0.7,15.2,4.16,257.3,3.37,0.77,0.55,0.56,1.5,1.33,4.768,0.59,192.92,4.06,0.685,,6.4,,,,,,
HBEF,CCASE,Soil_Mic_Commun,post-treatment,196,Soil_196,Ga0599144,3,31,Warmed,1,Organic,2014,140722,Sunny_humid,Peak_plant_biomass,Rebecca_Sanders_Demott_Risa_Mcnellis_Darien,NA,NA,NA,39894,16_50000,2856,20,6358,576,11,3135,2280,9,3223,1688,7,2653,0,0,0,210,1,285,383,1,285,576,11,3135,0,0,0,0,0,0,0,0,0,21.91,22.24,0.142,-0.15,0.13,-0.03,0.39,9,62,5.5,31.2,822.6,4708.7,0,0,143.25,4/10/14,100,11.1,30,5.2,12.1,793.2,2160.2,1.944256185,1.944256185,12.62912701,140.8630895,-71.70082833,43.94558,1.8,40.6,4.22,432.1,5.05,1.17,0.44,0.86,1.42,0.32,7.642,0.32,251.71,22.73,0.793,5.263,8.2,,,,,,
HBEF,CCASE,Soil_Mic_Commun,post-treatment,223,Soil_223,Ga0599144,3,31,Warmed,1,Organic,2014,140924,NA,Beginning_of_senescence,NA,NA,NA,NA,42165,16_50000,2856,20,6358,576,11,3135,2280,9,3223,1688,7,2653,0,0,0,210,1,285,383,1,285,576,11,3135,0,0,0,0,0,0,0,0,0,17.22,17.14,0.077,-0.15,0.13,-0.03,0.39,9,62,5.5,31.2,822.6,4708.7,0,0,143.25,4/10/14,100,11.1,30,5.2,12.1,793.2,2160.2,-0.342832107,-0.342832107,12.62912701,139.8867378,-71.70082833,43.94558,1.1,29.4,4.22,341.9,4.02,0.85,0.45,0.8,0.98,0.26,4.208,0.62,178.59,18.89,0.727,,6.5,,,,,,
HBEF,CCASE,Soil_Mic_Commun,post-treatment,88,Soil_88,Ga0599144,3,31,Warmed,1,Organic,2014,140416,Windy_cloudy_35__F,Pre-budburst_post-snowmelt,Rebecca_Sanders_Demott_Patrick_Sorensen,NA,NA,NA,120829,100_150000,2856,20,6358,576,11,3135,2280,9,3223,1688,7,2653,0,0,0,210,1,285,383,1,285,576,11,3135,0,0,0,0,0,0,0,0,0,2.469208333,3.366333333,0.247541667,-0.15,0.13,-0.03,0.39,9,62,5.5,31.2,822.6,4708.7,0,0,143.25,4/10/14,100,11.1,30,5.2,12.1,793.2,2160.2,1.100985866,1.1,12.62912701,90.33805872,-71.70082833,43.94558,0.9,20.1,4.28,449.7,5.48,0.77,0.79,1.93,1.84,0.24,,0.5,209.29,10.42,1.311,,9.9,,,,,,
HBEF,CCASE,Soil_Mic_Commun,post-treatment,116,Soil_116,Ga0599144,3,32,Warmed,2,Organic,2014,140512,Sunny_clear_75__F,Budburst,Rebecca_Sanders_Demott_Patrick_Sorensen,NA,NA,NA,78810,50_80000,2856,20,6358,576,11,3135,2280,9,3223,1688,7,2653,0,0,0,210,1,285,383,1,285,576,11,3135,0,0,0,0,0,0,0,0,0,15.47,16.14,0.19,-0.15,0.13,-0.03,0.39,11.4,80,8.7,31.6,1343.9,4740.4,0,0,143.25,4/10/14,100,15.5,27,7,10.7,1139.3,1906.2,2.946770601,2.946770601,12.49975078,72.47017231,-71.700765,43.94555667,1.1,23.3,4.125,336.2,2.19,0.29,1.75,2.7,0.51,0.19,,0.32,203.85,12.08,0.903,,8.5,,,,,,
HBEF,CCASE,Soil_Mic_Commun,post-treatment,143,Soil_143,Ga0599144,3,32,Warmed,2,Organic,2014,140521,Overcast_70_C,Full_leaf-out,Patrick_Sorensen_Maria_Garcia_Josh_Bennett,NA,NA,NA,26852,16_50000,2856,20,6358,576,11,3135,2280,9,3223,1688,7,2653,0,0,0,210,1,285,383,1,285,576,11,3135,0,0,0,0,0,0,0,0,0,15.83,16.26,0.183,-0.15,0.13,-0.03,0.39,11.4,80,8.7,31.6,1343.9,4740.4,0,0,143.25,4/10/14,100,15.5,27,7,10.7,1139.3,1906.2,NA,NA,12.49975078,NA,-71.700765,43.94555667,1.4,28.2,4.125,179.4,2.57,0.29,1.2,2.05,0.62,0.19,3.968,0.48,253.57,,0.734,,,,,,,,
HBEF,CCASE,Soil_Mic_Commun,post-treatment,197,Soil_197,Ga0599144,3,32,Warmed,2,Organic,2014,140722,Sunny_humid,Peak_plant_biomass,Rebecca_Sanders_Demott_Risa_Mcnellis_Darien,NA,NA,NA,98243,80_100000,2856,20,6358,576,11,3135,2280,9,3223,1688,7,2653,0,0,0,210,1,285,383,1,285,576,11,3135,0,0,0,0,0,0,0,0,0,21.91,22.24,0.142,-0.15,0.13,-0.03,0.39,11.4,80,8.7,31.6,1343.9,4740.4,0,0,143.25,4/10/14,100,15.5,27,7,10.7,1139.3,1906.2,-0.346970544,-0.346970544,12.49975078,210.5912958,-71.700765,43.94555667,1.5,38.8,4.125,513.4,6.49,0.68,1.38,2.56,1.61,0.36,7.642,0.48,178.3,20.86,1.12,5.263,8.3,,,,,,
HBEF,CCASE,Soil_Mic_Commun,post-treatment,89,Soil_89,Ga0599144,3,32,Warmed,2,Organic,2014,140416,Windy_cloudy_35__F,Pre-budburst_post-snowmelt,Rebecca_Sanders_Demott_Patrick_Sorensen,NA,NA,NA,84044,80_100000,2856,20,6358,576,11,3135,2280,9,3223,1688,7,2653,0,0,0,210,1,285,383,1,285,576,11,3135,0,0,0,0,0,0,0,0,0,2.469208333,3.366333333,0.247541667,-0.15,0.13,-0.03,0.39,11.4,80,8.7,31.6,1343.9,4740.4,0,0,143.25,4/10/14,100,15.5,27,7,10.7,1139.3,1906.2,9.855848231,9.86,12.49975078,103.4748234,-71.700765,43.94555667,2.2,45.9,4.3,923.4,7.36,1.19,2.75,3.34,2.55,0.77,,0.58,537.29,18.78,2.497,,20.1,,,,,,
HBEF,CCASE,Soil_Mic_Commun,post-treatment,144,Soil_144,Ga0599144,3,33,Warmed,3,Organic,2014,140521,Overcast_70_C,Full_leaf-out,Patrick_Sorensen_Maria_Garcia_Josh_Bennett,NA,NA,NA,178085,150_300000,2856,20,6358,576,11,3135,2280,9,3223,1688,7,2653,0,0,0,210,1,285,383,1,285,576,11,3135,0,0,0,0,0,0,0,0,0,15.83,16.26,0.183,-0.15,0.13,-0.03,0.39,11.2,70,7.5,30.6,1143,4533.2,0,0,143.25,4/10/14,100,17.2,28,5.9,11,1003.3,1955.2,NA,NA,12.54374002,151.7006823,-71.70078833,43.94550333,0.9,20.2,4.365,346.4,2.85,0.35,1.32,2.34,0.57,0.13,3.968,0.34,281.81,,1.08,,,,,,,,
HBEF,CCASE,Soil_Mic_Commun,post-treatment,171,Soil_171,Ga0599144,3,33,Warmed,3,Organic,2014,140601,Sunny_humid,Post_leaf-out,Rebecca_Sanders_Demott,NA,NA,NA,67099,50_80000,2856,20,6358,576,11,3135,2280,9,3223,1688,7,2653,0,0,0,210,1,285,383,1,285,576,11,3135,0,0,0,0,0,0,0,0,0,15.74,16.15,0.179,-0.15,0.13,-0.03,0.39,11.2,70,7.5,30.6,1143,4533.2,0,0,143.25,4/10/14,100,17.2,28,5.9,11,1003.3,1955.2,1.200329792,1.200329792,12.54374002,43.91841728,-71.70078833,43.94550333,1,19.2,4.44,167.3,3.72,0.19,0.95,1.24,1.82,0.96,4.768,0.48,250.12,3.48,0.544,,4.7,,,,,,
HBEF,CCASE,Soil_Mic_Commun,post-treatment,198,Soil_198,Ga0599144,3,33,Warmed,3,Organic,2014,140722,Sunny_humid,Peak_plant_biomass,Rebecca_Sanders_Demott_Risa_Mcnellis_Darien,NA,NA,NA,49042,16_50000,2856,20,6358,576,11,3135,2280,9,3223,1688,7,2653,0,0,0,210,1,285,383,1,285,576,11,3135,0,0,0,0,0,0,0,0,0,21.91,22.24,0.142,-0.15,0.13,-0.03,0.39,11.2,70,7.5,30.6,1143,4533.2,0,0,143.25,4/10/14,100,17.2,28,5.9,11,1003.3,1955.2,1.710130468,1.710130468,12.54374002,96.56225052,-71.70078833,43.94550333,1.2,30,4.365,353.4,2.84,0.24,0.57,0.91,0.83,0.15,7.642,0.49,418.25,18.52,0.589,5.263,6.6,,,,,,
HBEF,CCASE,Soil_Mic_Commun,post-treatment,145,Soil_145,Ga0599144,3,34,Warmed,4,Organic,2014,140521,Overcast_70_C,Full_leaf-out,Patrick_Sorensen_Maria_Garcia_Josh_Bennett,NA,NA,NA,34550,16_50000,2856,20,6358,576,11,3135,2280,9,3223,1688,7,2653,0,0,0,210,1,285,383,1,285,576,11,3135,0,0,0,0,0,0,0,0,0,15.83,16.26,0.183,-0.15,0.13,-0.03,0.39,14,73,9.9,31.1,1487.3,4618.3,0,0,143.25,4/10/14,100,16.3,29,6.2,11.4,1012.3,2049.2,NA,NA,10.92666389,79.16965619,-71.700845,43.94550333,1.1,23,4.135,210.1,2.48,0.49,1.01,2.52,0.52,0.41,3.968,0.38,123.65,,0.671,,,,,,,,
HBEF,CCASE,Soil_Mic_Commun,post-treatment,172,Soil_172,Ga0599144,3,34,Warmed,4,Organic,2014,140601,Sunny_humid,Post_leaf-out,Rebecca_Sanders_Demott,NA,NA,NA,92331,80_100000,2856,20,6358,576,11,3135,2280,9,3223,1688,7,2653,0,0,0,210,1,285,383,1,285,576,11,3135,0,0,0,0,0,0,0,0,0,15.74,16.15,0.179,-0.15,0.13,-0.03,0.39,14,73,9.9,31.1,1487.3,4618.3,0,0,143.25,4/10/14,100,16.3,29,6.2,11.4,1012.3,2049.2,1.249353527,1.249353527,10.92666389,190.9084978,-71.700845,43.94550333,1.9,50.3,4.15,633.5,10.45,3.13,0.97,1.11,2.43,3.71,4.768,0.83,494.79,9.11,2.594,,15.1,,,,,,
HBEF,CCASE,Soil_Mic_Commun,post-treatment,199,Soil_199,Ga0599144,3,34,Warmed,4,Organic,2014,140722,Sunny_humid,Peak_plant_biomass,Rebecca_Sanders_Demott_Risa_Mcnellis_Darien,NA,NA,NA,30350,16_50000,2856,20,6358,576,11,3135,2280,9,3223,1688,7,2653,0,0,0,210,1,285,383,1,285,576,11,3135,0,0,0,0,0,0,0,0,0,21.91,22.24,0.142,-0.15,0.13,-0.03,0.39,14,73,9.9,31.1,1487.3,4618.3,0,0,143.25,4/10/14,100,16.3,29,6.2,11.4,1012.3,2049.2,-0.084723005,-0.084723005,10.92666389,112.7295603,-71.700845,43.94550333,1.3,32.2,4.135,329.2,8.64,1.49,1.46,2.84,2.51,0.68,7.642,0.5,107.88,12.08,0.962,5.263,6.4,,,,,,
HBEF,CCASE,Soil_Mic_Commun,post-treatment,226,Soil_226,Ga0599144,3,34,Warmed,4,Organic,2014,140924,NA,Beginning_of_senescence,NA,NA,NA,NA,83914,80_100000,2856,20,6358,576,11,3135,2280,9,3223,1688,7,2653,0,0,0,210,1,285,383,1,285,576,11,3135,0,0,0,0,0,0,0,0,0,17.22,17.14,0.077,-0.15,0.13,-0.03,0.39,14,73,9.9,31.1,1487.3,4618.3,0,0,143.25,4/10/14,100,16.3,29,6.2,11.4,1012.3,2049.2,0.837488349,0.837488349,10.92666389,98.26049856,-71.700845,43.94550333,1.8,39.7,4.135,251,3.23,0.86,0.51,0.8,1.19,0.31,4.208,0.71,181.17,17.73,0.449,,3.4,,,,,,
HBEF,CCASE,Soil_Mic_Commun,post-treatment,119,Soil_119,Ga0599145,4,41,Warmed,1,Organic,2014,140512,Sunny_clear_75__F,Budburst,Rebecca_Sanders_Demott_Patrick_Sorensen,NA,NA,NA,142934,100_150000,4509,18,7974,1643,9,2124,2866,9,5850,2672,6,3990,95,2,162,0,0,0,99,1,1697,222,8,427,1420,1,1697,0,0,0,0,0,0,15.53,16.44,0.19,-0.4,0.14,0.13,0.58,11.2,57.5,7.5,25.4,1129.4,3314.4,0,0,144.9375,4/10/14,100,16.3,19,5.7,7,995,1218.1,3.259051816,3.259051816,19.31677124,83.34964295,-71.70091167,43.94570667,0.8,17.5,4.415,245.8,1.74,0.5,0.55,1.68,0.27,0.19,,0.61,184.24,2.92,0.556,,7.2,,,,,,
HBEF,CCASE,Soil_Mic_Commun,post-treatment,146,Soil_146,Ga0599145,4,41,Warmed,1,Organic,2014,140521,Overcast_70_C,Full_leaf-out,Patrick_Sorensen_Maria_Garcia_Josh_Bennett,NA,NA,NA,87112,80_100000,4509,18,7974,1643,9,2124,2866,9,5850,2672,6,3990,95,2,162,0,0,0,99,1,1697,222,8,427,1420,1,1697,0,0,0,0,0,0,15.94,16.37,0.184,-0.4,0.14,0.13,0.58,11.2,57.5,7.5,25.4,1129.4,3314.4,0,0,144.9375,4/10/14,100,16.3,19,5.7,7,995,1218.1,NA,NA,19.31677124,79.00680268,-71.70091167,43.94570667,0.9,21.4,4.415,246.1,2.36,0.53,0.65,1.94,0.83,0.29,5.672,0.32,111.8,,0.661,,,,,,,,
HBEF,CCASE,Soil_Mic_Commun,post-treatment,227,Soil_227,Ga0599145,4,41,Warmed,1,Organic,2014,140924,NA,Beginning_of_senescence,NA,NA,NA,NA,76172,50_80000,4509,18,7974,1643,9,2124,2866,9,5850,2672,6,3990,95,2,162,0,0,0,99,1,1697,222,8,427,1420,1,1697,0,0,0,0,0,0,17.24,16.76,0.065,-0.4,0.14,0.13,0.58,11.2,57.5,7.5,25.4,1129.4,3314.4,0,0,144.9375,4/10/14,100,16.3,19,5.7,7,995,1218.1,-0.0042849,-0.0042849,19.31677124,62.76636147,-71.70091167,43.94570667,1,24,4.415,143,2.21,0.81,0.6,0.61,0.52,0.11,5.322,0.59,83.42,8.01,0.288,,4.6,,,,,,
HBEF,CCASE,Soil_Mic_Commun,post-treatment,147,Soil_147,Ga0599145,4,42,Warmed,2,Organic,2014,140521,Overcast_70_C,Full_leaf-out,Patrick_Sorensen_Maria_Garcia_Josh_Bennett,NA,NA,NA,108000,100_150000,4509,18,7974,1643,9,2124,2866,9,5850,2672,6,3990,95,2,162,0,0,0,99,1,1697,222,8,427,1420,1,1697,0,0,0,0,0,0,15.94,16.37,0.184,-0.4,0.14,0.13,0.58,12.5,58,8.2,25,1221.1,3316.1,0,0,144.9375,4/10/14,100,20.1,22,6.5,7.8,1133.9,1366.6,NA,NA,10.88243632,71.98090385,-71.70086833,43.94573667,0.8,18.8,4.28,147,1.54,0.46,0.34,0.9,0.71,0.22,5.672,0.29,155.49,,0.487,,,,,,,,
HBEF,CCASE,Soil_Mic_Commun,post-treatment,174,Soil_174,Ga0599145,4,42,Warmed,2,Organic,2014,140601,Sunny_humid,Post_leaf-out,Rebecca_Sanders_Demott,NA,NA,NA,101772,100_150000,4509,18,7974,1643,9,2124,2866,9,5850,2672,6,3990,95,2,162,0,0,0,99,1,1697,222,8,427,1420,1,1697,0,0,0,0,0,0,15.82,16,0.169,-0.4,0.14,0.13,0.58,12.5,58,8.2,25,1221.1,3316.1,0,0,144.9375,4/10/14,100,20.1,22,6.5,7.8,1133.9,1366.6,13.86690816,13.86690816,10.88243632,207.8896388,-71.70086833,43.94573667,2.1,47.7,4.25,772.8,,4.45,1.78,1.5,4.18,4.61,7.992,1.16,645.69,46.17,2.318,,23.7,,,,,,
HBEF,CCASE,Soil_Mic_Commun,post-treatment,201,Soil_201,Ga0599145,4,42,Warmed,2,Organic,2014,140722,Sunny_humid,Peak_plant_biomass,Rebecca_Sanders_Demott_Risa_Mcnellis_Darien,NA,NA,NA,51359,50_80000,4509,18,7974,1643,9,2124,2866,9,5850,2672,6,3990,95,2,162,0,0,0,99,1,1697,222,8,427,1420,1,1697,0,0,0,0,0,0,21.97,22.13,0.122,-0.4,0.14,0.13,0.58,12.5,58,8.2,25,1221.1,3316.1,0,0,144.9375,4/10/14,100,20.1,22,6.5,7.8,1133.9,1366.6,1.172499548,1.172499548,10.88243632,104.6848152,-71.70086833,43.94573667,0.8,19.9,4.28,267.6,4.29,0.83,0.36,0.56,0.81,0.17,10.486,0.57,31.89,8.02,0.812,5.093641667,14.7,,,,,,
HBEF,CCASE,Soil_Mic_Commun,post-treatment,228,Soil_228,Ga0599145,4,42,Warmed,2,Organic,2014,140924,NA,Beginning_of_senescence,NA,NA,NA,NA,90190,80_100000,4509,18,7974,1643,9,2124,2866,9,5850,2672,6,3990,95,2,162,0,0,0,99,1,1697,222,8,427,1420,1,1697,0,0,0,0,0,0,17.24,16.76,0.065,-0.4,0.14,0.13,0.58,12.5,58,8.2,25,1221.1,3316.1,0,0,144.9375,4/10/14,100,20.1,22,6.5,7.8,1133.9,1366.6,0.375213796,0.375213796,10.88243632,100.054393,-71.70086833,43.94573667,1.7,37.1,4.28,242.7,1.5,0.6,0.25,0.5,1.34,0.28,5.322,0.59,141.12,12.73,0.449,,9,,,,,,
HBEF,CCASE,Soil_Mic_Commun,post-treatment,121,Soil_121,Ga0599145,4,43,Warmed,3,Organic,2014,140512,Sunny_clear_75__F,Budburst,Rebecca_Sanders_Demott_Patrick_Sorensen,NA,NA,NA,102735,100_150000,4509,18,7974,1643,9,2124,2866,9,5850,2672,6,3990,95,2,162,0,0,0,99,1,1697,222,8,427,1420,1,1697,0,0,0,0,0,0,15.53,16.44,0.19,-0.4,0.14,0.13,0.58,12,56.5,7,24.6,1030,3772.5,0,0,144.9375,4/10/14,100,14,25,5.7,9.4,935.6,1653.6,3.668564098,3.668564098,21.14922583,129.9826388,-71.70085167,43.94565833,1.3,29.2,4.41,510.5,3.96,0.91,0.76,3.34,0.71,0.34,,0.46,235.72,34.61,1.207,,13,,,,,,
HBEF,CCASE,Soil_Mic_Commun,post-treatment,148,Soil_148,Ga0599145,4,43,Warmed,3,Organic,2014,140521,Overcast_70_C,Full_leaf-out,Patrick_Sorensen_Maria_Garcia_Josh_Bennett,NA,NA,NA,27906,16_50000,4509,18,7974,1643,9,2124,2866,9,5850,2672,6,3990,95,2,162,0,0,0,99,1,1697,222,8,427,1420,1,1697,0,0,0,0,0,0,15.94,16.37,0.184,-0.4,0.14,0.13,0.58,12,56.5,7,24.6,1030,3772.5,0,0,144.9375,4/10/14,100,14,25,5.7,9.4,935.6,1653.6,NA,NA,21.14922583,219.5539057,-71.70085167,43.94565833,1.8,42.7,4.41,661.4,7.35,2.39,0.96,1.94,2.35,1,5.672,1.41,615.14,,2.217,,,,,,,,
HBEF,CCASE,Soil_Mic_Commun,post-treatment,202,Soil_202,Ga0599145,4,43,Warmed,3,Organic,2014,140722,Sunny_humid,Peak_plant_biomass,Rebecca_Sanders_Demott_Risa_Mcnellis_Darien,NA,NA,NA,155551,150_300000,4509,18,7974,1643,9,2124,2866,9,5850,2672,6,3990,95,2,162,0,0,0,99,1,1697,222,8,427,1420,1,1697,0,0,0,0,0,0,21.97,22.13,0.122,-0.4,0.14,0.13,0.58,12,56.5,7,24.6,1030,3772.5,0,0,144.9375,4/10/14,100,14,25,5.7,9.4,935.6,1653.6,-0.390953132,NA,21.14922583,NA,-71.70085167,43.94565833,1.7,51.6,4.41,,,,,,,,10.486,1.86,,10.95,,5.093641667,,,,,,,
HBEF,CCASE,Soil_Mic_Commun,post-treatment,229,Soil_229,Ga0599145,4,43,Warmed,3,Organic,2014,140924,NA,Beginning_of_senescence,NA,NA,NA,NA,110288,100_150000,4509,18,7974,1643,9,2124,2866,9,5850,2672,6,3990,95,2,162,0,0,0,99,1,1697,222,8,427,1420,1,1697,0,0,0,0,0,0,17.24,16.76,0.065,-0.4,0.14,0.13,0.58,12,56.5,7,24.6,1030,3772.5,0,0,144.9375,4/10/14,100,14,25,5.7,9.4,935.6,1653.6,1.349196786,1.349196786,21.14922583,147.6540946,-71.70085167,43.94565833,1.8,44.3,4.41,444.8,5.18,0.93,0.84,1.04,1.18,0.45,5.322,1.74,399.25,29.05,0.875,,7.4,,,,,,
HBEF,CCASE,Soil_Mic_Commun,post-treatment,94,Soil_94,Ga0599145,4,43,Warmed,3,Organic,2014,140416,Windy_cloudy_35__F,Pre-budburst_post-snowmelt,Rebecca_Sanders_Demott_Patrick_Sorensen,NA,NA,NA,109567,100_150000,4509,18,7974,1643,9,2124,2866,9,5850,2672,6,3990,95,2,162,0,0,0,99,1,1697,222,8,427,1420,1,1697,0,0,0,0,0,0,5.824555556,7.962958333,0.261575,-0.4,0.14,0.13,0.58,12,56.5,7,24.6,1030,3772.5,0,0,144.9375,4/10/14,100,14,25,5.7,9.4,935.6,1653.6,7.024863612,7.02,21.14922583,97.08721094,-71.70085167,43.94565833,1.7,38.2,4.39,755.7,7.24,1.45,1.69,2.18,2.1,0.58,,0.71,843.32,18.69,2.198,,18.6,,,,,,
HBEF,CCASE,Soil_Mic_Commun,post-treatment,122,Soil_122,Ga0599145,4,44,Warmed,4,Organic,2014,140512,Sunny_clear_75__F,Budburst,Rebecca_Sanders_Demott_Patrick_Sorensen,NA,NA,NA,89552,80_100000,4509,18,7974,1643,9,2124,2866,9,5850,2672,6,3990,95,2,162,0,0,0,99,1,1697,222,8,427,1420,1,1697,0,0,0,0,0,0,15.53,16.44,0.19,-0.4,0.14,0.13,0.58,7.5,60.5,4,25.9,569.6,3781.4,0,0,144.9375,4/10/14,100,11.7,27,4.3,9.3,699.5,1658.1,3.83427428,3.83427428,14.81268473,82.97889674,-71.70089833,43.945665,1.2,26.1,4.43,478.6,4.7,1.09,0.8,1.75,1.29,0.37,,0.78,248.47,31.59,1.359,,12.5,,,,,,
HBEF,CCASE,Soil_Mic_Commun,post-treatment,149,Soil_149,Ga0599145,4,44,Warmed,4,Organic,2014,140521,Overcast_70_C,Full_leaf-out,Patrick_Sorensen_Maria_Garcia_Josh_Bennett,NA,NA,NA,81749,80_100000,4509,18,7974,1643,9,2124,2866,9,5850,2672,6,3990,95,2,162,0,0,0,99,1,1697,222,8,427,1420,1,1697,0,0,0,0,0,0,15.94,16.37,0.184,-0.4,0.14,0.13,0.58,7.5,60.5,4,25.9,569.6,3781.4,0,0,144.9375,4/10/14,100,11.7,27,4.3,9.3,699.5,1658.1,NA,NA,14.81268473,301.800011,-71.70089833,43.945665,1.9,46.1,4.43,772.2,7.43,1.46,2.43,1.35,2.2,1.78,5.672,0.93,615.63,,2.288,,,,,,,,
HBEF,CCASE,Soil_Mic_Commun,post-treatment,176,Soil_176,Ga0599145,4,44,Warmed,4,Organic,2014,140601,Sunny_humid,Post_leaf-out,Rebecca_Sanders_Demott,NA,NA,NA,48078,16_50000,4509,18,7974,1643,9,2124,2866,9,5850,2672,6,3990,95,2,162,0,0,0,99,1,1697,222,8,427,1420,1,1697,0,0,0,0,0,0,15.82,16,0.169,-0.4,0.14,0.13,0.58,7.5,60.5,4,25.9,569.6,3781.4,0,0,144.9375,4/10/14,100,11.7,27,4.3,9.3,699.5,1658.1,11.35313602,11.35313602,14.81268473,240.3660528,-71.70089833,43.945665,1.8,42.1,4.38,529.1,10.97,3.75,2.12,2.23,2.41,3.55,7.992,0.84,630.82,16.36,2.33,,16.9,,,,,,
HBEF,CCASE,Soil_Mic_Commun,post-treatment,203,Soil_203,Ga0599145,4,44,Warmed,4,Organic,2014,140722,Sunny_humid,Peak_plant_biomass,Rebecca_Sanders_Demott_Risa_Mcnellis_Darien,NA,NA,NA,71436,50_80000,4509,18,7974,1643,9,2124,2866,9,5850,2672,6,3990,95,2,162,0,0,0,99,1,1697,222,8,427,1420,1,1697,0,0,0,0,0,0,21.97,22.13,0.122,-0.4,0.14,0.13,0.58,7.5,60.5,4,25.9,569.6,3781.4,0,0,144.9375,4/10/14,100,11.7,27,4.3,9.3,699.5,1658.1,4.908392978,4.908392978,14.81268473,165.1799392,-71.70089833,43.945665,2,49.4,4.43,567.3,7.7,1.58,0.59,1.36,2.09,0.68,10.486,1.05,262.82,34.76,1.517,5.093641667,9.3,,,,,,
HBEF,CCASE,Soil_Mic_Commun,post-treatment,230,Soil_230,Ga0599145,4,44,Warmed,4,Organic,2014,140924,NA,Beginning_of_senescence,NA,NA,NA,NA,103855,100_150000,4509,18,7974,1643,9,2124,2866,9,5850,2672,6,3990,95,2,162,0,0,0,99,1,1697,222,8,427,1420,1,1697,0,0,0,0,0,0,17.24,16.76,0.065,-0.4,0.14,0.13,0.58,7.5,60.5,4,25.9,569.6,3781.4,0,0,144.9375,4/10/14,100,11.7,27,4.3,9.3,699.5,1658.1,-0.022032675,-0.022032675,14.81268473,123.7550248,-71.70089833,43.945665,1.5,35.3,4.43,340.6,5.13,1.29,0.34,0.81,1.43,0.33,5.322,0.84,188.87,17.54,0.707,,9,,,,,,
HBEF,CCASE,Soil_Mic_Commun,post-treatment,95,Soil_95,Ga0599145,4,44,Warmed,4,Organic,2014,140416,Windy_cloudy_35__F,Pre-budburst_post-snowmelt,Rebecca_Sanders_Demott_Patrick_Sorensen,NA,NA,NA,216652,150_300000,4509,18,7974,1643,9,2124,2866,9,5850,2672,6,3990,95,2,162,0,0,0,99,1,1697,222,8,427,1420,1,1697,0,0,0,0,0,0,5.824555556,7.962958333,0.261575,-0.4,0.14,0.13,0.58,7.5,60.5,4,25.9,569.6,3781.4,0,0,144.9375,4/10/14,100,11.7,27,4.3,9.3,699.5,1658.1,6.705887323,6.71,14.81268473,133.2064295,-71.70089833,43.945665,2,46.8,4.48,672.2,6.73,0.7,1.23,1.22,1.89,0.43,,0.61,216.13,24.32,1.911,,15.3,,,,,,
HBEF,CCASE,Soil_Mic_Commun,post-treatment,123,Soil_123,Ga0599146,5,51,Warmed_Freeze,1,Organic,2014,140512,Sunny_clear_75__F,Budburst,Rebecca_Sanders_Demott_Patrick_Sorensen,NA,NA,NA,82610,80_100000,3304,18,5112,263,8,484,3041,10,4628,2981,8,4555,41,1,73,0,0,0,19,1,0,263,8,484,0,0,0,0,0,0,0,0,0,15.42,16.72,0.183,-4.99,-0.18,-2.4,0.34,23,20,7.1,3.6,1131.9,612.1,4,4,141.25,4/3/14,93,17.8,22,5,7.1,904.3,1276.1,1.179381022,1.179381022,24.84826155,43.09557879,-71.70078833,43.94571667,0.6,12.5,4.175,226.2,1.57,0.2,0.39,1.44,0.33,0.08,,0.35,68.76,9.63,0.488,,4.9,,,,,,
HBEF,CCASE,Soil_Mic_Commun,post-treatment,150,Soil_150,Ga0599146,5,51,Warmed_Freeze,1,Organic,2014,140521,Overcast_70_C,Full_leaf-out,Patrick_Sorensen_Maria_Garcia_Josh_Bennett,NA,NA,NA,86888,80_100000,3304,18,5112,263,8,484,3041,10,4628,2981,8,4555,41,1,73,0,0,0,19,1,0,263,8,484,0,0,0,0,0,0,0,0,0,15.85,16.9,0.18,-4.99,-0.18,-2.4,0.34,23,20,7.1,3.6,1131.9,612.1,4,4,141.25,4/3/14,93,17.8,22,5,7.1,904.3,1276.1,NA,NA,24.84826155,113.0418165,-71.70078833,43.94571667,0.6,12.7,4.175,100.3,1.3,0.2,0.38,1.23,0.4,0.89,4.42,0.49,62.87,,0.492,,,,,,,,
HBEF,CCASE,Soil_Mic_Commun,post-treatment,177,Soil_177,Ga0599146,5,51,Warmed_Freeze,1,Organic,2014,140601,Sunny_humid,Post_leaf-out,Rebecca_Sanders_Demott,NA,NA,NA,102151,100_150000,3304,18,5112,263,8,484,3041,10,4628,2981,8,4555,41,1,73,0,0,0,19,1,0,263,8,484,0,0,0,0,0,0,0,0,0,15.76,16.73,0.173,-4.99,-0.18,-2.4,0.34,23,20,7.1,3.6,1131.9,612.1,4,4,141.25,4/3/14,93,17.8,22,5,7.1,904.3,1276.1,3.722025744,3.722025744,24.84826155,154.6726846,-71.70078833,43.94571667,2,46.2,4.08,675.7,11.34,2.83,0.79,1.59,2.54,4.1,6.202,0.77,571.74,82.82,2.614,,21.8,,,,,,
HBEF,CCASE,Soil_Mic_Commun,post-treatment,204,Soil_204,Ga0599146,5,51,Warmed_Freeze,1,Organic,2014,140722,Sunny_humid,Peak_plant_biomass,Rebecca_Sanders_Demott_Risa_Mcnellis_Darien,NA,NA,NA,155663,150_300000,3304,18,5112,263,8,484,3041,10,4628,2981,8,4555,41,1,73,0,0,0,19,1,0,263,8,484,0,0,0,0,0,0,0,0,0,21.89,23.12,0.146,-4.99,-0.18,-2.4,0.34,23,20,7.1,3.6,1131.9,612.1,4,4,141.25,4/3/14,93,17.8,22,5,7.1,904.3,1276.1,1.57998977,1.57998977,24.84826155,301.4727552,-71.70078833,43.94571667,2,48.6,4.175,606.4,6.69,1.36,0.65,0.9,2.06,0.54,7.926,0.6,183.06,34.14,1.841,7.645216667,12.5,,,,,,
HBEF,CCASE,Soil_Mic_Commun,post-treatment,231,Soil_231,Ga0599146,5,51,Warmed_Freeze,1,Organic,2014,140924,NA,Beginning_of_senescence,NA,NA,NA,NA,78247,50_80000,3304,18,5112,263,8,484,3041,10,4628,2981,8,4555,41,1,73,0,0,0,19,1,0,263,8,484,0,0,0,0,0,0,0,0,0,17.2,17.6,0.085,-4.99,-0.18,-2.4,0.34,23,20,7.1,3.6,1131.9,612.1,4,4,141.25,4/3/14,93,17.8,22,5,7.1,904.3,1276.1,-0.386282664,-0.386282664,24.84826155,105.7210859,-71.70078833,43.94571667,0.9,21.2,4.175,261.4,2.93,0.69,0.27,0.91,1.07,0.25,4.326,0.82,89.65,23.03,0.678,,6.5,,,,,,
HBEF,CCASE,Soil_Mic_Commun,post-treatment,96,Soil_96,Ga0599146,5,51,Warmed_Freeze,1,Organic,2014,140416,Windy_cloudy_35__F,Pre-budburst_post-snowmelt,Rebecca_Sanders_Demott_Patrick_Sorensen,NA,NA,NA,52132,50_80000,3304,18,5112,263,8,484,3041,10,4628,2981,8,4555,41,1,73,0,0,0,19,1,0,263,8,484,0,0,0,0,0,0,0,0,0,4.092881944,2.8398125,0.234008333,-4.99,-0.18,-2.4,0.34,23,20,7.1,3.6,1131.9,612.1,4,4,141.25,4/3/14,93,17.8,22,5,7.1,904.3,1276.1,NA,NA,24.84826155,108.8041126,-71.70078833,43.94571667,1.3,30.3,4.27,473.4,3.55,0.61,1.08,0.57,1.38,0.29,,0.4,242.23,11.87,1.147,,,,,,,,
HBEF,CCASE,Soil_Mic_Commun,post-treatment,124,Soil_124,Ga0599146,5,52,Warmed_Freeze,2,Organic,2014,140512,Sunny_clear_75__F,Budburst,Rebecca_Sanders_Demott_Patrick_Sorensen,NA,NA,NA,78275,50_80000,3304,18,5112,263,8,484,3041,10,4628,2981,8,4555,41,1,73,0,0,0,19,1,0,263,8,484,0,0,0,0,0,0,0,0,0,15.42,16.72,0.183,-4.99,-0.18,-2.4,0.34,27,32,14.7,4.3,2166.9,801.5,4,4,141.25,4/3/14,93,10,25,3.7,8.6,NA,1521.1,4.75111642,4.75111642,15.55162469,83.55148429,-71.70072667,43.945725,1.1,26.6,4.42,399.7,2.87,0.56,0.52,2.02,1.24,0.46,,0.39,232.36,15.58,1.29,,10.3,,,,,,
HBEF,CCASE,Soil_Mic_Commun,post-treatment,205,Soil_205,Ga0599146,5,52,Warmed_Freeze,2,Organic,2014,140722,Sunny_humid,Peak_plant_biomass,Rebecca_Sanders_Demott_Risa_Mcnellis_Darien,NA,NA,NA,86466,80_100000,3304,18,5112,263,8,484,3041,10,4628,2981,8,4555,41,1,73,0,0,0,19,1,0,263,8,484,0,0,0,0,0,0,0,0,0,21.89,23.12,0.146,-4.99,-0.18,-2.4,0.34,27,32,14.7,4.3,2166.9,801.5,4,4,141.25,4/3/14,93,10,25,3.7,8.6,NA,1521.1,1.739778938,1.739778938,15.55162469,120.4055789,-71.70072667,43.945725,1.5,36.9,4.42,267.3,5.2,1.63,0.38,0.98,2.2,0.38,7.926,0.88,114.22,69.5,1.042,7.645216667,5.4,,,,,,
HBEF,CCASE,Soil_Mic_Commun,post-treatment,232,Soil_232,Ga0599146,5,52,Warmed_Freeze,2,Organic,2014,140924,NA,Beginning_of_senescence,NA,NA,NA,NA,78621,50_80000,3304,18,5112,263,8,484,3041,10,4628,2981,8,4555,41,1,73,0,0,0,19,1,0,263,8,484,0,0,0,0,0,0,0,0,0,17.2,17.6,0.085,-4.99,-0.18,-2.4,0.34,27,32,14.7,4.3,2166.9,801.5,4,4,141.25,4/3/14,93,10,25,3.7,8.6,NA,1521.1,-0.203084401,-0.203084401,15.55162469,147.4115289,-71.70072667,43.945725,1,25.9,4.42,332.3,5.18,0.83,0.39,1,1.9,0.33,4.326,0.59,141.71,15.27,1.017,,8.8,,,,,,
HBEF,CCASE,Soil_Mic_Commun,post-treatment,97,Soil_97,Ga0599146,5,52,Warmed_Freeze,2,Organic,2014,140416,Windy_cloudy_35__F,Pre-budburst_post-snowmelt,Rebecca_Sanders_Demott_Patrick_Sorensen,NA,NA,NA,74571,50_80000,3304,18,5112,263,8,484,3041,10,4628,2981,8,4555,41,1,73,0,0,0,19,1,0,263,8,484,0,0,0,0,0,0,0,0,0,4.092881944,2.8398125,0.234008333,-4.99,-0.18,-2.4,0.34,27,32,14.7,4.3,2166.9,801.5,4,4,141.25,4/3/14,93,10,25,3.7,8.6,NA,1521.1,21.69794999,21.7,15.55162469,178.5678332,-71.70072667,43.945725,1.6,41.2,4.61,693.6,6.45,2.31,0.59,0.62,2.34,0.88,,1.29,583.91,30.45,2.066,,26.6,,,,,,
HBEF,CCASE,Soil_Mic_Commun,post-treatment,125,Soil_125,Ga0599146,5,53,Warmed_Freeze,3,Organic,2014,140512,Sunny_clear_75__F,Budburst,Rebecca_Sanders_Demott_Patrick_Sorensen,NA,NA,NA,262043,150_300000,3304,18,5112,263,8,484,3041,10,4628,2981,8,4555,41,1,73,0,0,0,19,1,0,263,8,484,0,0,0,0,0,0,0,0,0,15.42,16.72,0.183,-4.99,-0.18,-2.4,0.34,25.5,26,8.1,4,1264.3,749.5,4,4,141.25,4/3/14,93,12,25,4.5,9.6,753.8,1683.6,3.784878364,3.784878364,14.67180005,221.7837754,-71.70069,43.945685,1.8,44.1,4.07,720,5.5,1.57,0.71,1.18,2.28,0.64,,0.74,430.33,7.45,2.33,,10.7,,,,,,
HBEF,CCASE,Soil_Mic_Commun,post-treatment,152,Soil_152,Ga0599146,5,53,Warmed_Freeze,3,Organic,2014,140521,Overcast_70_C,Full_leaf-out,Patrick_Sorensen_Maria_Garcia_Josh_Bennett,NA,NA,NA,51932,50_80000,3304,18,5112,263,8,484,3041,10,4628,2981,8,4555,41,1,73,0,0,0,19,1,0,263,8,484,0,0,0,0,0,0,0,0,0,15.85,16.9,0.18,-4.99,-0.18,-2.4,0.34,25.5,26,8.1,4,1264.3,749.5,4,4,141.25,4/3/14,93,12,25,4.5,9.6,753.8,1683.6,NA,NA,14.67180005,51.46958188,-71.70069,43.945685,0.7,15.9,4.07,180.1,2.09,0.33,0.26,1.55,0.54,0.15,4.42,0.44,108.2,,0.701,,,,,,,,
HBEF,CCASE,Soil_Mic_Commun,post-treatment,179,Soil_179,Ga0599146,5,53,Warmed_Freeze,3,Organic,2014,140601,Sunny_humid,Post_leaf-out,Rebecca_Sanders_Demott,NA,NA,NA,52137,50_80000,3304,18,5112,263,8,484,3041,10,4628,2981,8,4555,41,1,73,0,0,0,19,1,0,263,8,484,0,0,0,0,0,0,0,0,0,15.76,16.73,0.173,-4.99,-0.18,-2.4,0.34,25.5,26,8.1,4,1264.3,749.5,4,4,141.25,4/3/14,93,12,25,4.5,9.6,753.8,1683.6,3.384570741,3.384570741,14.67180005,158.3173544,-71.70069,43.945685,1.5,37.5,3.99,550.1,5.86,1.4,0.88,0.52,1.9,1.81,6.202,0.51,583,16.22,1.786,,14,,,,,,
HBEF,CCASE,Soil_Mic_Commun,post-treatment,206,Soil_206,Ga0599146,5,53,Warmed_Freeze,3,Organic,2014,140722,Sunny_humid,Peak_plant_biomass,Rebecca_Sanders_Demott_Risa_Mcnellis_Darien,NA,NA,NA,153315,150_300000,3304,18,5112,263,8,484,3041,10,4628,2981,8,4555,41,1,73,0,0,0,19,1,0,263,8,484,0,0,0,0,0,0,0,0,0,21.89,23.12,0.146,-4.99,-0.18,-2.4,0.34,25.5,26,8.1,4,1264.3,749.5,4,4,141.25,4/3/14,93,12,25,4.5,9.6,753.8,1683.6,-0.067916776,-0.067916776,14.67180005,69.75785519,-71.70069,43.945685,0.7,16.9,4.07,186.1,2.24,0.57,0.25,0.34,0.57,0.15,7.926,0.35,62.46,5.76,0.49,7.645216667,4.4,,,,,,
HBEF,CCASE,Soil_Mic_Commun,post-treatment,233,Soil_233,Ga0599146,5,53,Warmed_Freeze,3,Organic,2014,140924,NA,Beginning_of_senescence,NA,NA,NA,NA,31268,16_50000,3304,18,5112,263,8,484,3041,10,4628,2981,8,4555,41,1,73,0,0,0,19,1,0,263,8,484,0,0,0,0,0,0,0,0,0,17.2,17.6,0.085,-4.99,-0.18,-2.4,0.34,25.5,26,8.1,4,1264.3,749.5,4,4,141.25,4/3/14,93,12,25,4.5,9.6,753.8,1683.6,-0.296609432,-0.296609432,14.67180005,128.6389755,-71.70069,43.945685,1.4,34.3,4.07,388.1,4.17,0.71,0.28,0.96,1.4,0.44,4.326,0.59,111.71,17.69,1.043,,4.3,,,,,,
HBEF,CCASE,Soil_Mic_Commun,post-treatment,98,Soil_98,Ga0599146,5,53,Warmed_Freeze,3,Organic,2014,140416,Windy_cloudy_35__F,Pre-budburst_post-snowmelt,Rebecca_Sanders_Demott_Patrick_Sorensen,NA,NA,NA,90365,80_100000,3304,18,5112,263,8,484,3041,10,4628,2981,8,4555,41,1,73,0,0,0,19,1,0,263,8,484,0,0,0,0,0,0,0,0,0,4.092881944,2.8398125,0.234008333,-4.99,-0.18,-2.4,0.34,25.5,26,8.1,4,1264.3,749.5,4,4,141.25,4/3/14,93,12,25,4.5,9.6,753.8,1683.6,0.125594006,0.13,14.67180005,112.6290136,-71.70069,43.945685,1.9,47.2,4.15,650.7,5.59,1.4,0.14,1.12,2.08,0.5,,0.61,446.7,12.01,2.155,,15.3,,,,,,
HBEF,CCASE,Soil_Mic_Commun,post-treatment,126,Soil_126,Ga0599146,5,54,Warmed_Freeze,4,Organic,2014,140512,Sunny_clear_75__F,Budburst,Rebecca_Sanders_Demott_Patrick_Sorensen,NA,NA,NA,84400,80_100000,3304,18,5112,263,8,484,3041,10,4628,2981,8,4555,41,1,73,0,0,0,19,1,0,263,8,484,0,0,0,0,0,0,0,0,0,15.42,16.72,0.183,-4.99,-0.18,-2.4,0.34,20.7,25,11.2,4.1,1651.5,796.2,4,4,141.25,4/3/14,93,9.6,26,3.8,9.3,610.4,1644.6,2.549096287,2.549096287,15.01759228,105.288935,-71.70074833,43.945675,1.3,30.8,4.34,444.6,5.34,1.13,1.72,2.28,1.76,0.79,,0.38,200.32,25.89,1.404,,7.4,,,,,,
HBEF,CCASE,Soil_Mic_Commun,post-treatment,207,Soil_207,Ga0599146,5,54,Warmed_Freeze,4,Organic,2014,140722,Sunny_humid,Peak_plant_biomass,Rebecca_Sanders_Demott_Risa_Mcnellis_Darien,NA,NA,NA,16962,16_50000,3304,18,5112,263,8,484,3041,10,4628,2981,8,4555,41,1,73,0,0,0,19,1,0,263,8,484,0,0,0,0,0,0,0,0,0,21.89,23.12,0.146,-4.99,-0.18,-2.4,0.34,20.7,25,11.2,4.1,1651.5,796.2,4,4,141.25,4/3/14,93,9.6,26,3.8,9.3,610.4,1644.6,2.625803387,2.625803387,15.01759228,81.10313677,-71.70074833,43.945675,1.1,22.1,4.34,253.5,4.17,0.37,0.52,0.8,0.7,0.15,7.926,0.45,66.56,10.54,0.803,7.645216667,5,,,,,,
HBEF,CCASE,Soil_Mic_Commun,post-treatment,234,Soil_234,Ga0599146,5,54,Warmed_Freeze,4,Organic,2014,140924,NA,Beginning_of_senescence,NA,NA,NA,NA,124300,100_150000,3304,18,5112,263,8,484,3041,10,4628,2981,8,4555,41,1,73,0,0,0,19,1,0,263,8,484,0,0,0,0,0,0,0,0,0,17.2,17.6,0.085,-4.99,-0.18,-2.4,0.34,20.7,25,11.2,4.1,1651.5,796.2,4,4,141.25,4/3/14,93,9.6,26,3.8,9.3,610.4,1644.6,-0.151224365,-0.151224365,15.01759228,92.31344036,-71.70074833,43.945675,0.8,17.5,4.34,225,2.16,0.45,0.23,0.82,0.91,0.22,4.326,0.53,46,9.03,0.445,,6.3,,,,,,
HBEF,CCASE,Soil_Mic_Commun,post-treatment,99,Soil_99,Ga0599146,5,54,Warmed_Freeze,4,Organic,2014,140416,Windy_cloudy_35__F,Pre-budburst_post-snowmelt,Rebecca_Sanders_Demott_Patrick_Sorensen,NA,NA,NA,136734,100_150000,3304,18,5112,263,8,484,3041,10,4628,2981,8,4555,41,1,73,0,0,0,19,1,0,263,8,484,0,0,0,0,0,0,0,0,0,4.092881944,2.8398125,0.234008333,-4.99,-0.18,-2.4,0.34,20.7,25,11.2,4.1,1651.5,796.2,4,4,141.25,4/3/14,93,9.6,26,3.8,9.3,610.4,1644.6,7.598437897,7.6,15.01759228,212.6153962,-71.70074833,43.945675,1.9,48.5,,769.6,5.61,2.1,2.01,0.83,3.03,0.69,,0.77,400.91,124.47,2.622,,16.8,,,,,,
HBEF,CCASE,Soil_Mic_Commun,post-treatment,100,Soil_100,Ga0599147,6,61,Warmed_Freeze,1,Organic,2014,140416,Windy_cloudy_35__F,Pre-budburst_post-snowmelt,Rebecca_Sanders_Demott_Patrick_Sorensen,NA,NA,NA,134277,100_150000,3137,16,4645,414,10,732,2723,6,3913,2263,4,3326,460,2,588,0,0,0,0,0,0,407,9,700,0,0,0,7,1,32,0,0,0,3.952993056,5.350229167,0.203333333,-3.89,-0.02,-3.28,-0.03,14.9,32,5,4.9,822.8,778.3,4,4,129.5,4/10/14,100,13,21,3.9,8.4,679.4,1463.1,8.280737876,8.25,15.40760467,192.6889107,-71.70061833,43.945795,2.1,50.5,4.45,771.8,5.74,3.35,0.4,1.1,3.44,1.65,,0.65,307.64,86.92,1.994,,17.6,,,,,,
HBEF,CCASE,Soil_Mic_Commun,post-treatment,127,Soil_127,Ga0599147,6,61,Warmed_Freeze,1,Organic,2014,140512,Sunny_clear_75__F,Budburst,Rebecca_Sanders_Demott_Patrick_Sorensen,NA,NA,NA,153376,150_300000,3137,16,4645,414,10,732,2723,6,3913,2263,4,3326,460,2,588,0,0,0,0,0,0,407,9,700,0,0,0,7,1,32,0,0,0,15.57,16.81,0.142,-3.89,-0.02,-3.28,-0.03,14.9,32,5,4.9,822.8,778.3,4,4,129.5,4/10/14,100,13,21,3.9,8.4,679.4,1463.1,3.54597196,3.54597196,15.40760467,49.88622549,-71.70061833,43.945795,1.3,31.8,4.36,421.1,3.94,0.58,0.68,2,0.84,0.25,,0.41,96.41,10.22,0.984,,6.5,,,,,,
HBEF,CCASE,Soil_Mic_Commun,post-treatment,154,Soil_154,Ga0599147,6,61,Warmed_Freeze,1,Organic,2014,140521,Overcast_70_C,Full_leaf-out,Patrick_Sorensen_Maria_Garcia_Josh_Bennett,NA,NA,NA,71379,50_80000,3137,16,4645,414,10,732,2723,6,3913,2263,4,3326,460,2,588,0,0,0,0,0,0,407,9,700,0,0,0,7,1,32,0,0,0,15.88,16.55,0.141,-3.89,-0.02,-3.28,-0.03,14.9,32,5,4.9,822.8,778.3,4,4,129.5,4/10/14,100,13,21,3.9,8.4,679.4,1463.1,NA,NA,15.40760467,27.68911668,-71.70061833,43.945795,0.5,10.8,4.36,78.5,0.65,0.27,0.44,1.06,0.28,0.1,4.168,0.25,77.19,,0.393,,,,,,,,
HBEF,CCASE,Soil_Mic_Commun,post-treatment,181,Soil_181,Ga0599147,6,61,Warmed_Freeze,1,Organic,2014,140601,Sunny_humid,Post_leaf-out,Rebecca_Sanders_Demott,NA,NA,NA,110960,100_150000,3137,16,4645,414,10,732,2723,6,3913,2263,4,3326,460,2,588,0,0,0,0,0,0,407,9,700,0,0,0,7,1,32,0,0,0,15.76,16.22,0.139,-3.89,-0.02,-3.28,-0.03,14.9,32,5,4.9,822.8,778.3,4,4,129.5,4/10/14,100,13,21,3.9,8.4,679.4,1463.1,2.516831808,2.516831808,15.40760467,34.63745559,-71.70061833,43.945795,0.6,13.4,4.27,146.2,2.46,0.37,0.24,0.83,2.02,0.69,5.254,0.29,95.95,19.19,0.512,,2.8,,,,,,
HBEF,CCASE,Soil_Mic_Commun,post-treatment,208,Soil_208,Ga0599147,6,61,Warmed_Freeze,1,Organic,2014,140722,Sunny_humid,Peak_plant_biomass,Rebecca_Sanders_Demott_Risa_Mcnellis_Darien,NA,NA,NA,60567,50_80000,3137,16,4645,414,10,732,2723,6,3913,2263,4,3326,460,2,588,0,0,0,0,0,0,407,9,700,0,0,0,7,1,32,0,0,0,21.94,22.53,0.112,-3.89,-0.02,-3.28,-0.03,14.9,32,5,4.9,822.8,778.3,4,4,129.5,4/10/14,100,13,21,3.9,8.4,679.4,1463.1,-0.027767592,-0.027767592,15.40760467,99.84730658,-71.70061833,43.945795,0.9,20.8,4.36,244.9,2.56,0.4,0.26,0.57,0.76,0.11,7.896,0.23,32.83,6.24,0.511,10.19433333,3.5,,,,,,
HBEF,CCASE,Soil_Mic_Commun,post-treatment,235,Soil_235,Ga0599147,6,61,Warmed_Freeze,1,Organic,2014,140924,NA,Beginning_of_senescence,NA,NA,NA,NA,165164,150_300000,3137,16,4645,414,10,732,2723,6,3913,2263,4,3326,460,2,588,0,0,0,0,0,0,407,9,700,0,0,0,7,1,32,0,0,0,17.09,16.88,0.067,-3.89,-0.02,-3.28,-0.03,14.9,32,5,4.9,822.8,778.3,4,4,129.5,4/10/14,100,13,21,3.9,8.4,679.4,1463.1,0.5494363,0.5494363,15.40760467,141.9504706,-71.70061833,43.945795,1.5,37.9,4.36,359.3,3.39,0.68,0.28,0.73,1.35,0.22,4.052,0.7,145.22,22.24,0.951,,8.7,,,,,,
HBEF,CCASE,Soil_Mic_Commun,post-treatment,101,Soil_101,Ga0599147,6,62,Warmed_Freeze,2,Organic,2014,140416,Windy_cloudy_35__F,Pre-budburst_post-snowmelt,Rebecca_Sanders_Demott_Patrick_Sorensen,NA,NA,NA,183479,150_300000,3137,16,4645,414,10,732,2723,6,3913,2263,4,3326,460,2,588,0,0,0,0,0,0,407,9,700,0,0,0,7,1,32,0,0,0,3.952993056,5.350229167,0.203333333,-3.89,-0.02,-3.28,-0.03,36.5,34,17.8,4,2615.1,772.2,4,4,129.5,4/10/14,100,19.3,23,7.8,8.9,1287.8,1562.7,2.662851443,2.66,21.77672305,32.09823252,-71.700545,43.94581833,0.8,17.1,4.49,274.8,5.36,0.66,1.33,2.4,1.43,0.3,,0.34,316.76,33.76,0.866,,8.5,,,,,,
HBEF,CCASE,Soil_Mic_Commun,post-treatment,128,Soil_128,Ga0599147,6,62,Warmed_Freeze,2,Organic,2014,140512,Sunny_clear_75__F,Budburst,Rebecca_Sanders_Demott_Patrick_Sorensen,NA,NA,NA,143962,100_150000,3137,16,4645,414,10,732,2723,6,3913,2263,4,3326,460,2,588,0,0,0,0,0,0,407,9,700,0,0,0,7,1,32,0,0,0,15.57,16.81,0.142,-3.89,-0.02,-3.28,-0.03,36.5,34,17.8,4,2615.1,772.2,4,4,129.5,4/10/14,100,19.3,23,7.8,8.9,1287.8,1562.7,3.594491001,3.594491001,21.77672305,78.13311203,-71.700545,43.94581833,1.6,38.6,4.4,262.4,3.76,0.84,0.55,0.99,1.18,0.45,,0.51,200.95,2.5,1.308,,10.9,,,,,,
HBEF,CCASE,Soil_Mic_Commun,post-treatment,155,Soil_155,Ga0599147,6,62,Warmed_Freeze,2,Organic,2014,140521,Overcast_70_C,Full_leaf-out,Patrick_Sorensen_Maria_Garcia_Josh_Bennett,NA,NA,NA,97369,80_100000,3137,16,4645,414,10,732,2723,6,3913,2263,4,3326,460,2,588,0,0,0,0,0,0,407,9,700,0,0,0,7,1,32,0,0,0,15.88,16.55,0.141,-3.89,-0.02,-3.28,-0.03,36.5,34,17.8,4,2615.1,772.2,4,4,129.5,4/10/14,100,19.3,23,7.8,8.9,1287.8,1562.7,NA,NA,21.77672305,38.84238615,-71.700545,43.94581833,0.6,14.4,4.4,126.4,2.3,0.59,0.42,1.73,0.76,0.28,4.168,0.44,101.14,,0.606,,,,,,,,
HBEF,CCASE,Soil_Mic_Commun,post-treatment,182,Soil_182,Ga0599147,6,62,Warmed_Freeze,2,Organic,2014,140601,Sunny_humid,Post_leaf-out,Rebecca_Sanders_Demott,NA,NA,NA,56300,50_80000,3137,16,4645,414,10,732,2723,6,3913,2263,4,3326,460,2,588,0,0,0,0,0,0,407,9,700,0,0,0,7,1,32,0,0,0,15.76,16.22,0.139,-3.89,-0.02,-3.28,-0.03,36.5,34,17.8,4,2615.1,772.2,4,4,129.5,4/10/14,100,19.3,23,7.8,8.9,1287.8,1562.7,12.43140517,12.43140517,21.77672305,144.5365079,-71.700545,43.94581833,1.4,30.9,4.31,705.9,7.55,3.17,0.48,1.15,2.41,2.62,5.254,0.75,402.76,102.72,1.938,,15.6,,,,,,
HBEF,CCASE,Soil_Mic_Commun,post-treatment,236,Soil_236,Ga0599147,6,62,Warmed_Freeze,2,Organic,2014,140924,NA,Beginning_of_senescence,NA,NA,NA,NA,194905,150_300000,3137,16,4645,414,10,732,2723,6,3913,2263,4,3326,460,2,588,0,0,0,0,0,0,407,9,700,0,0,0,7,1,32,0,0,0,17.09,16.88,0.067,-3.89,-0.02,-3.28,-0.03,36.5,34,17.8,4,2615.1,772.2,4,4,129.5,4/10/14,100,19.3,23,7.8,8.9,1287.8,1562.7,0.206456066,0.206456066,21.77672305,131.4759102,-71.700545,43.94581833,1.4,35.5,4.4,331.5,4.39,0.71,0.3,0.86,1.58,0.44,4.052,0.75,133.25,20.04,1.014,,9,,,,,,
HBEF,CCASE,Soil_Mic_Commun,post-treatment,102,Soil_102,Ga0599147,6,63,Warmed_Freeze,3,Organic,2014,140416,Windy_cloudy_35__F,Pre-budburst_post-snowmelt,Rebecca_Sanders_Demott_Patrick_Sorensen,NA,NA,NA,109356,100_150000,3137,16,4645,414,10,732,2723,6,3913,2263,4,3326,460,2,588,0,0,0,0,0,0,407,9,700,0,0,0,7,1,32,0,0,0,3.952993056,5.350229167,0.203333333,-3.89,-0.02,-3.28,-0.03,14.3,42,3.9,5.5,647.7,1089.7,4,4,129.5,4/10/14,100,8.3,25,2.4,10.2,409.8,1790.7,2.080702704,2.08,11.31194872,45.81468829,-71.700525,43.94573333,1.2,29.1,4.35,245.1,3.17,1.02,1.31,1.44,1.17,0.22,,0.33,213.87,18.88,0.836,,6.8,,,,,,
HBEF,CCASE,Soil_Mic_Commun,post-treatment,129,Soil_129,Ga0599147,6,63,Warmed_Freeze,3,Organic,2014,140512,Sunny_clear_75__F,Budburst,Rebecca_Sanders_Demott_Patrick_Sorensen,NA,NA,NA,74680,50_80000,3137,16,4645,414,10,732,2723,6,3913,2263,4,3326,460,2,588,0,0,0,0,0,0,407,9,700,0,0,0,7,1,32,0,0,0,15.57,16.81,0.142,-3.89,-0.02,-3.28,-0.03,14.3,42,3.9,5.5,647.7,1089.7,4,4,129.5,4/10/14,100,8.3,25,2.4,10.2,409.8,1790.7,7.525832146,7.525832146,11.31194872,66.00964445,-71.700525,43.94573333,0.9,20.2,4.35,441.1,3.8,0.69,,1.16,1.09,0.57,,0.35,351.59,10.94,1.137,,8.7,,,,,,
HBEF,CCASE,Soil_Mic_Commun,post-treatment,156,Soil_156,Ga0599147,6,63,Warmed_Freeze,3,Organic,2014,140521,Overcast_70_C,Full_leaf-out,Patrick_Sorensen_Maria_Garcia_Josh_Bennett,NA,NA,NA,85482,80_100000,3137,16,4645,414,10,732,2723,6,3913,2263,4,3326,460,2,588,0,0,0,0,0,0,407,9,700,0,0,0,7,1,32,0,0,0,15.88,16.55,0.141,-3.89,-0.02,-3.28,-0.03,14.3,42,3.9,5.5,647.7,1089.7,4,4,129.5,4/10/14,100,8.3,25,2.4,10.2,409.8,1790.7,NA,NA,11.31194872,44.60718159,-71.700525,43.94573333,0.8,19.2,4.35,170.7,2.13,0.54,0.64,2.1,0.78,0.24,4.168,0.44,58.68,,0.616,,,,,,,,
HBEF,CCASE,Soil_Mic_Commun,post-treatment,210,Soil_210,Ga0599147,6,63,Warmed_Freeze,3,Organic,2014,140722,Sunny_humid,Peak_plant_biomass,Rebecca_Sanders_Demott_Risa_Mcnellis_Darien,NA,NA,NA,82622,80_100000,3137,16,4645,414,10,732,2723,6,3913,2263,4,3326,460,2,588,0,0,0,0,0,0,407,9,700,0,0,0,7,1,32,0,0,0,21.94,22.53,0.112,-3.89,-0.02,-3.28,-0.03,14.3,42,3.9,5.5,647.7,1089.7,4,4,129.5,4/10/14,100,8.3,25,2.4,10.2,409.8,1790.7,1.691223765,1.691223765,11.31194872,130.4986354,-71.700525,43.94573333,1.1,26,4.35,315,7.14,0.75,0.44,1.4,1.58,0.26,7.896,0.35,133.88,15.67,0.939,10.19433333,11.4,,,,,,
HBEF,CCASE,Soil_Mic_Commun,post-treatment,237,Soil_237,Ga0599147,6,63,Warmed_Freeze,3,Organic,2014,140924,NA,Beginning_of_senescence,NA,NA,NA,NA,122482,100_150000,3137,16,4645,414,10,732,2723,6,3913,2263,4,3326,460,2,588,0,0,0,0,0,0,407,9,700,0,0,0,7,1,32,0,0,0,17.09,16.88,0.067,-3.89,-0.02,-3.28,-0.03,14.3,42,3.9,5.5,647.7,1089.7,4,4,129.5,4/10/14,100,8.3,25,2.4,10.2,409.8,1790.7,-0.145578755,-0.145578755,11.31194872,136.5794765,-71.700525,43.94573333,1.2,29.6,4.35,329.5,3.99,1.12,0.28,0.61,1.11,0.41,4.052,0.63,147.6,16.94,0.853,,8.4,,,,,,
HBEF,CCASE,Soil_Mic_Commun,post-treatment,130,Soil_130,Ga0599147,6,64,Warmed_Freeze,4,Organic,2014,140512,Sunny_clear_75__F,Budburst,Rebecca_Sanders_Demott_Patrick_Sorensen,NA,NA,NA,148688,100_150000,3137,16,4645,414,10,732,2723,6,3913,2263,4,3326,460,2,588,0,0,0,0,0,0,407,9,700,0,0,0,7,1,32,0,0,0,15.57,16.81,0.142,-3.89,-0.02,-3.28,-0.03,20.8,33,7.4,4.3,1212.2,814,4,4,129.5,4/10/14,100,17.6,27,6.2,10,1038.6,1759.1,-0.201814592,-0.201814592,14.36591627,92.58994356,-71.70058167,43.945715,0.7,15.2,4.275,325.3,2.88,0.87,0.44,2.12,0.58,0.14,,0.44,158.63,13.75,0.777,,6.7,,,,,,
HBEF,CCASE,Soil_Mic_Commun,post-treatment,184,Soil_184,Ga0599147,6,64,Warmed_Freeze,4,Organic,2014,140601,Sunny_humid,Post_leaf-out,Rebecca_Sanders_Demott,NA,NA,NA,126648,100_150000,3137,16,4645,414,10,732,2723,6,3913,2263,4,3326,460,2,588,0,0,0,0,0,0,407,9,700,0,0,0,7,1,32,0,0,0,15.76,16.22,0.139,-3.89,-0.02,-3.28,-0.03,20.8,33,7.4,4.3,1212.2,814,4,4,129.5,4/10/14,100,17.6,27,6.2,10,1038.6,1759.1,1.476126532,1.476126532,14.36591627,59.38722334,-71.70058167,43.945715,1.1,23.2,4.2,274.9,3.79,0.72,0.47,0.89,1.03,1.14,5.254,1.07,192.61,20.27,0.738,,12.7,,,,,,
HBEF,CCASE,Soil_Mic_Commun,post-treatment,211,Soil_211,Ga0599147,6,64,Warmed_Freeze,4,Organic,2014,140722,Sunny_humid,Peak_plant_biomass,Rebecca_Sanders_Demott_Risa_Mcnellis_Darien,NA,NA,NA,77721,50_80000,3137,16,4645,414,10,732,2723,6,3913,2263,4,3326,460,2,588,0,0,0,0,0,0,407,9,700,0,0,0,7,1,32,0,0,0,21.94,22.53,0.112,-3.89,-0.02,-3.28,-0.03,20.8,33,7.4,4.3,1212.2,814,4,4,129.5,4/10/14,100,17.6,27,6.2,10,1038.6,1759.1,-0.259959483,-0.259959483,14.36591627,126.1603659,-71.70058167,43.945715,1.3,31.3,4.275,417.2,4.41,0.7,0.35,0.84,1.31,0.36,7.896,0.57,86.59,20.96,1.121,10.19433333,11.2,,,,,,
HBEF,CCASE,Soil_Mic_Commun,post-treatment,238,Soil_238,Ga0599147,6,64,Warmed_Freeze,4,Organic,2014,140924,NA,Beginning_of_senescence,NA,NA,NA,NA,109673,100_150000,3137,16,4645,414,10,732,2723,6,3913,2263,4,3326,460,2,588,0,0,0,0,0,0,407,9,700,0,0,0,7,1,32,0,0,0,17.09,16.88,0.067,-3.89,-0.02,-3.28,-0.03,20.8,33,7.4,4.3,1212.2,814,4,4,129.5,4/10/14,100,17.6,27,6.2,10,1038.6,1759.1,0.231459449,0.231459449,14.36591627,142.5348316,-71.70058167,43.945715,1.6,42.5,4.275,405.2,4.44,0.7,0.32,0.65,0.97,0.3,4.052,0.59,133.26,20.72,0.679,,6.2,,,,,,